#name	id
citG	eco:b0613
ydfC	eco:b1573
pinR	eco:b1374
thiS	eco:b4407
ypeB	eco:b4546
cusC	eco:b0572
yafQ	eco:b0225
eutT	eco:b2459
ushA	eco:b0480
yheV	eco:b4551
uspG	eco:b0607
hyfR	eco:b2491
acrS	eco:b3264
ddlA	eco:b0381
nuoL	eco:b2278
yibW	eco:b4651
yjaA	eco:b4011
ihfA	eco:b1712
betB	eco:b0312
yobI	eco:b4677
hypE	eco:b2730
sfmZ	eco:b0535
hisS	eco:b2514
pepD	eco:b0237
yehP	eco:b2121
rpoZ	eco:b3649
ynbD	eco:b1411
pka	eco:b2584
moaC	eco:b0783
allS	eco:b0504
yajI	eco:b0412
plsC	eco:b3018
hflK	eco:b4174
frwC	eco:b3949
yqhH	eco:b3014
ybgE	eco:b0735
yhjJ	eco:b3527
ftsY	eco:b3464
uvrA	eco:b4058
ispD	eco:b2747
fliS	eco:b1925
codA	eco:b0337
malQ	eco:b3416
dtpA	eco:b1634
azoR	eco:b1412
paaF	eco:b1393
yhcE	eco:b4569
yiaO	eco:b3579
ymfQ	eco:b1153
yraR	eco:b3152
yfaS	eco:b4500
rssB	eco:b1235
oweE	eco:b4692
gstB	eco:b0838
lyxK	eco:b3580
hcr	eco:b0872
hupB	eco:b0440
lldR	eco:b3604
hicB	eco:b1438
kgtP	eco:b2587
cspF	eco:b1558
dadX	eco:b1190
yhcO	eco:b3239
ybhD	eco:b0768
lamB	eco:b4036
ahpC	eco:b0605
leuU	eco:b3174
xisD	eco:b4633
nupX	eco:b2161
glk	eco:b2388
ycjO	eco:b1311
mlc	eco:b1594
yaeR	eco:b0187
tsaC	eco:b3282
trpS	eco:b3384
yeiH	eco:b2158
rho	eco:b3783
glgP	eco:b3428
yafT	eco:b0217
hemG	eco:b3850
yjcS	eco:b4083
ydiP	eco:b1696
yceM	eco:b1068
thiG	eco:b3991
ybhH	eco:b0769
yliI	eco:b0837
rclA	eco:b0304
rcnA	eco:b2106
nuoJ	eco:b2280
yihN	eco:b3874
bcsQ	eco:b3534
ycbJ	eco:b0919
hypA	eco:b2726
ybdD	eco:b4512
flgA	eco:b1072
dicA	eco:b1570
yqiG	eco:b3046
cynT	eco:b0339
pfkB	eco:b1723
mntH	eco:b2392
lolB	eco:b1209
recN	eco:b2616
yjeI	eco:b4144
yhdU	eco:b3263
gloB	eco:b0212
yfcV	eco:b2339
ycgY	eco:b1196
mog	eco:b0009
ftsP	eco:b3017
yiiR	eco:b3921
ldrD	eco:b4453
mhpT	eco:b0353
epmB	eco:b4146
yqeH	eco:b2846
can	eco:b0126
tgt	eco:b0406
ymdF	eco:b4518
ydjK	eco:b1775
tqsA	eco:b1601
ylbE	eco:b4572
hofC	eco:b0106
nudB	eco:b1865
yfaL	eco:b2233
ybiI	eco:b0803
cysD	eco:b2752
wzyE	eco:b3793
napH	eco:b2204
hybB	eco:b2995
glsB	eco:b1524
zapD	eco:b0102
glf	eco:b2036
flgM	eco:b1071
yibS	eco:b4650
ybbC	eco:b0498
focB	eco:b2492
rdgC	eco:b0393
ygeO	eco:b2859
rhsD	eco:b0497
rnlA	eco:b2630
hofB	eco:b0107
argE	eco:b3957
aspV	eco:b0216
omrB	eco:b4445
cycA	eco:b4208
yaiC	eco:b0385
hiuH	eco:b1970
plsY	eco:b3059
yqfE	eco:b2915
yfbR	eco:b2291
folX	eco:b2303
ypeC	eco:b2390
yjjM	eco:b4357
fadI	eco:b2342
rhmT	eco:b2246
birA	eco:b3973
ymgE	eco:b1195
frwD	eco:b3953
pal	eco:b0741
ybgL	eco:b0713
ykgQ	eco:b4631
iscA	eco:b2528
rob	eco:b4396
moaD	eco:b0784
yphF	eco:b2548
nudI	eco:b2251
purR	eco:b1658
trxC	eco:b2582
yagI	eco:b0272
ldrB	eco:b4421
rutD	eco:b1009
uhpC	eco:b3667
rraA	eco:b3929
lacZ	eco:b0344
csgD	eco:b1040
sapC	eco:b1292
xerC	eco:b3811
ydjY	eco:b1751
wzzB	eco:b2027
ydaW	eco:b1361
panM	eco:b3459
ompW	eco:b1256
mrr	eco:b4351
araE	eco:b2841
mngA	eco:b0731
pykA	eco:b1854
flgF	eco:b1077
yjeN	eco:b4157
gatA	eco:b2094
accC	eco:b3256
mhpA	eco:b0347
ecpR	eco:b0294
uidR	eco:b1618
rnpA	eco:b3704
ansP	eco:b1453
yebE	eco:b1846
yheU	eco:b3354
rrsH	eco:b0201
metJ	eco:b3938
yniC	eco:b1727
sucB	eco:b0727
yagU	eco:b0287
ygiM	eco:b3055
nrdI	eco:b2674
yehL	eco:b2119
emrY	eco:b2367
baeR	eco:b2079
yeaL	eco:b1789
phoQ	eco:b1129
ychN	eco:b1219
pphB	eco:b2734
yfeN	eco:b2408
pspD	eco:b1307
phoH	eco:b1020
ylaB	eco:b0457
speG	eco:b1584
adhP	eco:b1478
yagM	eco:b0279
nadK	eco:b2615
rhmD	eco:b2247
yecN	eco:b1869
gatC	eco:b2092
yfcG	eco:b2302
mnmE	eco:b3706
cyoB	eco:b0431
yedY	eco:b1971
yahI	eco:b0323
accB	eco:b3255
trpL	eco:b1265
nrdA	eco:b2234
glmU	eco:b3730
mltD	eco:b0211
rclC	eco:b0301
ytfF	eco:b4210
ydaU	eco:b1359
ybbY	eco:b0513
yodB	eco:b1974
gcvR	eco:b2479
ygdQ	eco:b2832
ydhW	eco:b1672
bdm	eco:b1481
gspA	eco:b3323
insP	eco:b4578
ykgH	eco:b0310
tsaB	eco:b1807
wcaE	eco:b2055
ytfE	eco:b4209
ylcG	eco:b4509
rpsF	eco:b4200
rpoN	eco:b3202
yfeY	eco:b2432
yaiA	eco:b0389
yohJ	eco:b2141
dauA	eco:b1206
alsB	eco:b4088
yfjQ	eco:b2633
ybaT	eco:b0486
idnD	eco:b4267
phnJ	eco:b4098
yebK	eco:b1853
ykgA	eco:b0300
ylcI	eco:b4589
yacC	eco:b0122
rcbA	eco:b1347
yhbQ	eco:b3155
yhcD	eco:b3216
yijE	eco:b3943
hybG	eco:b2990
insH1	eco:b0259
mngB	eco:b0732
thiC	eco:b3994
eutJ	eco:b2454
yfbL	eco:b2271
ykgR	eco:b4671
aceE	eco:b0114
yghQ	eco:b2983
erpA	eco:b0156
yiaT	eco:b3584
racR	eco:b1356
paaB	eco:b1389
yjjB	eco:b4363
citF	eco:b0615
yciG	eco:b1259
yhfW	eco:b3380
acuI	eco:b3253
emtA	eco:b1193
arcA	eco:b4401
phnN	eco:b4094
torA	eco:b0997
rtcR	eco:b3422
qmcA	eco:b0489
ypfJ	eco:b2475
ymgJ	eco:b4594
ybbD	eco:b0501
bglH	eco:b3720
glpT	eco:b2240
sgrT	eco:b4662
yafX	eco:b0248
ccmE	eco:b2197
waaS	eco:b3629
yhcG	eco:b3220
argI	eco:b4254
yhaB	eco:b3120
glnS	eco:b0680
tusA	eco:b3470
ebgC	eco:b3077
adk	eco:b0474
yffP	eco:b2447
speE	eco:b0121
yceD	eco:b1088
pgsA	eco:b1912
perR	eco:b0254
rplT	eco:b1716
curA	eco:b1449
yejK	eco:b2186
ompC	eco:b2215
prpE	eco:b0335
trmJ	eco:b2532
yffB	eco:b2471
pgpC	eco:b2560
nrfG	eco:b4076
ymcE	eco:b0991
omrA	eco:b4444
deoR	eco:b0840
ydaQ	eco:b1346
ynjF	eco:b1758
cpxR	eco:b3912
spf	eco:b3864
rzoQ	eco:b4689
lpxH	eco:b0524
wbbH	eco:b2035
cdaR	eco:b0162
thrC	eco:b0004
osmF	eco:b2131
dgoK	eco:b3693
talB	eco:b0008
ftsQ	eco:b0093
murB	eco:b3972
frc	eco:b2374
ydhI	eco:b1643
exuR	eco:b3094
dgt	eco:b0160
dicF	eco:b1574
yjjV	eco:b4378
ldcC	eco:b0186
pqiB	eco:b0951
ascG	eco:b2714
rpmA	eco:b3185
paaI	eco:b1396
yieH	eco:b3715
intA	eco:b2622
prpB	eco:b0331
ydiF	eco:b1694
yifK	eco:b3795
degS	eco:b3235
yeeP	eco:b1999
gltT	eco:b3969
yjhV	eco:b4286
ygfM	eco:b2880
pflB	eco:b0903
ymgC	eco:b1167
mltF	eco:b2558
pspF	eco:b1303
secB	eco:b3609
tolA	eco:b0739
metW	eco:b2815
ssuA	eco:b0936
fkpA	eco:b3347
yciB	eco:b1254
ogt	eco:b1335
mqsR	eco:b3022
ybiO	eco:b0808
uhpT	eco:b3666
dcp	eco:b1538
nuoA	eco:b2288
yhjX	eco:b3547
idnR	eco:b4264
potE	eco:b0692
ygcU	eco:b4463
rzpD	eco:b0556
yphA	eco:b2543
tsaD	eco:b3064
nrfC	eco:b4072
wcaJ	eco:b2047
nadC	eco:b0109
hcaR	eco:b2537
gatD	eco:b2091
tdh	eco:b3616
yehA	eco:b2108
yneK	eco:b1527
ybiA	eco:b0798
yedP	eco:b1955
fhuB	eco:b0153
narW	eco:b1466
ykfC	eco:b0258
psiF	eco:b0384
yfdF	eco:b2345
yciV	eco:b1266
rstB	eco:b1609
kdpD	eco:b0695
ygeQ	eco:b2863
zinT	eco:b1973
alsC	eco:b4086
tff	eco:b4414
ssuC	eco:b0934
rrlG	eco:b2589
entH	eco:b0597
ileY	eco:b2652
cbeA	eco:b2004
purC	eco:b2476
ysaA	eco:b3573
wbbI	eco:b2034
ybcO	eco:b0549
alaX	eco:b2396
yraP	eco:b3150
queC	eco:b0444
ynjH	eco:b1760
rpsH	eco:b3306
essQ	eco:b1556
frvB	eco:b3899
ligT	eco:b0147
rdlD	eco:b4454
ibsD	eco:b4664
hicA	eco:b4532
ykgJ	eco:b0288
yffM	eco:b2444
cysJ	eco:b2764
ybjP	eco:b0865
ybiH	eco:b0796
mdtI	eco:b1599
rrrD	eco:b0555
gntR	eco:b3438
hyfF	eco:b2486
hrpB	eco:b0148
tolB	eco:b0740
fecI	eco:b4293
rapA	eco:b0059
citA	eco:b0619
yfgI	eco:b2506
yaaU	eco:b0045
yjiN	eco:b4336
tus	eco:b1610
yiaY	eco:b3589
yaiV	eco:b0375
ydgK	eco:b1626
mgrB	eco:b1826
agaR	eco:b3131
corA	eco:b3816
tmk	eco:b1098
rhsA	eco:b3593
argH	eco:b3960
yadI	eco:b0129
yihY	eco:b3886
betT	eco:b0314
ulaE	eco:b4197
btuR	eco:b1270
menE	eco:b2260
murA	eco:b3189
nmpC	eco:b0553
rdlB	eco:b4422
treA	eco:b1197
lhgO	eco:b2660
pqiC	eco:b0952
tfaP	eco:b1155
murI	eco:b3967
pldA	eco:b3821
alaE	eco:b2670
xylE	eco:b4031
uhpB	eco:b3668
kdpB	eco:b0697
napB	eco:b2203
pyrG	eco:b2780
ypfN	eco:b4547
treF	eco:b3519
exoD	eco:b0539
yjfJ	eco:b4182
rusA	eco:b0550
yfdS	eco:b2362
araD	eco:b0061
nfo	eco:b2159
ninE	eco:b0548
xapA	eco:b2407
astE	eco:b1744
manA	eco:b1613
glgX	eco:b3431
smrA	eco:b1340
coaA	eco:b3974
aroE	eco:b3281
panB	eco:b0134
ydhR	eco:b1667
aaeR	eco:b3243
ydcC	eco:b1460
rplJ	eco:b3985
argO	eco:b2923
bolA	eco:b0435
efp	eco:b4147
ylaC	eco:b0458
menH	eco:b2263
rpmH	eco:b3703
yefM	eco:b2017
ygcE	eco:b2776
yaiO	eco:b0358
yffN	eco:b2445
dtd	eco:b3887
ccmD	eco:b2198
fucA	eco:b2800
gspC	eco:b3324
dapE	eco:b2472
rlpA	eco:b0633
ypjI	eco:b4644
rtcB	eco:b3421
dcm	eco:b1961
yedR	eco:b1963
yphE	eco:b2547
insK	eco:b3558
ybfD	eco:b0706
frwB	eco:b3950
nanS	eco:b4309
yneF	eco:b1522
mraZ	eco:b0081
prfB	eco:b2891
iraP	eco:b0382
clsB	eco:b0789
sbp	eco:b3917
mtlR	eco:b3601
symE	eco:b4347
mhpE	eco:b0352
cysS	eco:b0526
trmN	eco:b2575
frmA	eco:b0356
gfcE	eco:b0983
eno	eco:b2779
yajO	eco:b0419
yagA	eco:b0267
tyrB	eco:b4054
hpf	eco:b3203
atpC	eco:b3731
nhaB	eco:b1186
glnV	eco:b0665
abgB	eco:b1337
ycjX	eco:b1321
flgL	eco:b1083
psiE	eco:b4030
ydiM	eco:b1690
sodB	eco:b1656
metU	eco:b0666
purE	eco:b0523
ythA	eco:b4655
fdoG	eco:b3894
ycjG	eco:b1325
ahpF	eco:b0606
yfhH	eco:b2561
fadM	eco:b0443
srlA	eco:b2702
dcuR	eco:b4124
scpB	eco:b2919
gcvB	eco:b4443
glmY	eco:b4441
rnb	eco:b1286
serW	eco:b0883
metZ	eco:b2814
lipA	eco:b0628
ydhS	eco:b1668
hflX	eco:b4173
yaaX	eco:b0005
cheW	eco:b1887
proK	eco:b3545
rpsK	eco:b3297
chiP	eco:b0681
ygiV	eco:b3023
ytjB	eco:b4387
yhgA	eco:b3411
yiaJ	eco:b3574
sfmD	eco:b0532
efeU	eco:b4490
yhhX	eco:b3440
prpC	eco:b0333
srlD	eco:b2705
yfdT	eco:b2363
ydfJ	eco:b4600
sdhB	eco:b0724
mlaA	eco:b2346
dnaC	eco:b4361
ybiU	eco:b0821
yagN	eco:b0280
narZ	eco:b1468
mipA	eco:b1782
yfjD	eco:b4461
paoA	eco:b0286
yfdM	eco:b2356
rutR	eco:b1013
ybdF	eco:b0579
gltU	eco:b3757
idnK	eco:b4268
dppD	eco:b3541
cspH	eco:b0989
manX	eco:b1817
yacL	eco:b0119
yecT	eco:b1877
cca	eco:b3056
alkA	eco:b2068
rstA	eco:b1608
ascB	eco:b2716
flhB	eco:b1880
dinJ	eco:b0226
norR	eco:b2709
csiE	eco:b2535
add	eco:b1623
serB	eco:b4388
narI	eco:b1227
yfdV	eco:b2372
hlyE	eco:b1182
ycgR	eco:b1194
ahr	eco:b4269
rsxD	eco:b1630
nikD	eco:b3479
hdhA	eco:b1619
eutD	eco:b2458
yijO	eco:b3954
atoS	eco:b2219
rrfF	eco:b3272
araC	eco:b0064
xylF	eco:b3566
fhuA	eco:b0150
hsdR	eco:b4350
yhhN	eco:b3468
intR	eco:b1345
rpsU	eco:b3065
ycgX	eco:b1161
ypjK	eco:b2635
yfiP	eco:b2583
adiC	eco:b4115
napC	eco:b2202
ybhJ	eco:b0771
ecpD	eco:b0290
rarA	eco:b0892
arnD	eco:b2256
glcC	eco:b2980
yggR	eco:b2950
uspE	eco:b1333
soxR	eco:b4063
xanQ	eco:b2882
pyrD	eco:b0945
yccS	eco:b0960
rna	eco:b0611
zntR	eco:b3292
rpsM	eco:b3298
ykgG	eco:b0308
flgD	eco:b1075
ybiV	eco:b0822
fimI	eco:b4315
metT	eco:b0673
scpA	eco:b2917
asd	eco:b3433
flgI	eco:b1080
gsiA	eco:b0829
ypdF	eco:b2385
rlmH	eco:b0636
ftsA	eco:b0094
torD	eco:b0998
mraY	eco:b0087
rnk	eco:b0610
yphH	eco:b2550
ribA	eco:b1277
uspF	eco:b1376
amiD	eco:b0867
kdsC	eco:b3198
yjdF	eco:b4121
ybgQ	eco:b0718
mlaC	eco:b3192
yqiA	eco:b3031
fumA	eco:b1612
ribB	eco:b3041
entS	eco:b0591
rodZ	eco:b2516
argB	eco:b3959
ydcL	eco:b1431
rrfH	eco:b0205
yigF	eco:b3817
ygdD	eco:b2807
sibC	eco:b4446
ydhJ	eco:b1644
hokE	eco:b4415
cyoE	eco:b0428
ydaG	eco:b1355
hisM	eco:b2307
ycjM	eco:b1309
yjfL	eco:b4184
yceQ	eco:b1085
ymjA	eco:b1295
ybaV	eco:b0442
yciS	eco:b1279
zntA	eco:b3469
mrp	eco:b2113
gspB	eco:b3322
hemB	eco:b0369
aceB	eco:b4014
hipB	eco:b1508
livH	eco:b3457
atpI	eco:b3739
lsrB	eco:b1516
hda	eco:b2496
ykfJ	eco:b0235
yfgJ	eco:b2510
endA	eco:b2945
ygdG	eco:b2798
yeaP	eco:b1794
yegJ	eco:b2071
ycjQ	eco:b1313
nuoM	eco:b2277
yagP	eco:b4694
yafC	eco:b0208
eamB	eco:b2578
sdhA	eco:b0723
bepA	eco:b2494
lldD	eco:b3605
uvrY	eco:b1914
abgT	eco:b1336
yjcD	eco:b4064
tdk	eco:b1238
ychQ	eco:b1213
alaT	eco:b3853
cdh	eco:b3918
yraN	eco:b3148
hyaE	eco:b0976
ydjM	eco:b1728
sugE	eco:b4148
kbl	eco:b3617
yedV	eco:b1968
xseB	eco:b0422
cbpM	eco:b0999
casD	eco:b2757
ygeR	eco:b2865
nlpI	eco:b3163
gntT	eco:b3415
afuB	eco:b0263
deoC	eco:b4381
purB	eco:b1131
alaU	eco:b3276
ygbF	eco:b2754
thiM	eco:b2104
yfeK	eco:b2419
yejL	eco:b2187
ygfZ	eco:b2898
ecpA	eco:b0293
dppC	eco:b3542
hisF	eco:b2025
yijD	eco:b3964
yibA	eco:b3594
caiD	eco:b0036
mak	eco:b0394
ghrA	eco:b1033
ttdB	eco:b3062
bcsB	eco:b3532
glyY	eco:b4165
ybeQ	eco:b0644
yaiW	eco:b0378
eutH	eco:b2452
csgG	eco:b1037
rsxC	eco:b1629
eutL	eco:b2439
fimC	eco:b4316
cysH	eco:b2762
murJ	eco:b1069
yncE	eco:b1452
ygeY	eco:b2872
nuoC	eco:b2286
lysP	eco:b2156
ftsH	eco:b3178
cysE	eco:b3607
torR	eco:b0995
rep	eco:b3778
tsgA	eco:b3364
ynfC	eco:b1585
priA	eco:b3935
dgoD	eco:b4478
apaH	eco:b0049
yniD	eco:b4535
yfcA	eco:b2327
glnW	eco:b0668
alr	eco:b4053
gpsA	eco:b3608
puuD	eco:b1298
agaB	eco:b3138
rpsS	eco:b3316
ydbH	eco:b1381
epd	eco:b2927
yggT	eco:b2952
cydX	eco:b4515
ynbE	eco:b1382
ydjI	eco:b1773
pdxA	eco:b0052
cobT	eco:b1991
sdsR	eco:b4433
ygbN	eco:b2740
pncA	eco:b1768
kilR	eco:b1352
yggN	eco:b2958
flhD	eco:b1892
sufC	eco:b1682
yadV	eco:b0140
tldD	eco:b3244
yiaL	eco:b3576
ybaQ	eco:b0483
flk	eco:b2321
yffQ	eco:b2448
ftsX	eco:b3462
yshB	eco:b4686
eutE	eco:b2455
fadL	eco:b2344
yqjG	eco:b3102
sucD	eco:b0729
gntP	eco:b4321
wzzE	eco:b3785
folB	eco:b3058
pntA	eco:b1603
ydgI	eco:b1605
ysaB	eco:b4553
gcvT	eco:b2905
selA	eco:b3591
yajG	eco:b0434
serV	eco:b2695
quuD	eco:b0551
ygjH	eco:b3074
yaaI	eco:b0013
stfE	eco:b1157
hycF	eco:b2720
apaG	eco:b0050
pmrR	eco:b4703
zwf	eco:b1852
trkH	eco:b3849
wzxB	eco:b2037
fsaB	eco:b3946
menB	eco:b2262
amiA	eco:b2435
mutM	eco:b3635
btuC	eco:b1711
rlmJ	eco:b3499
cspD	eco:b0880
ytfP	eco:b4222
eptA	eco:b4114
coaD	eco:b3634
etk	eco:b0981
fruA	eco:b2167
ygiZ	eco:b3027
rpoS	eco:b2741
aaaE	eco:b4693
raiA	eco:b2597
mliC	eco:b1639
yqhA	eco:b3002
treR	eco:b4241
dmsD	eco:b1591
yqgC	eco:b2940
lptF	eco:b4261
ygcO	eco:b2767
lsrD	eco:b1515
yjaB	eco:b4012
alsE	eco:b4085
tauC	eco:b0367
ssrA	eco:b2621
yfaA	eco:b2230
sdaB	eco:b2797
panC	eco:b0133
yjjX	eco:b4394
ycjD	eco:b1289
pspG	eco:b4050
argP	eco:b2916
mokC	eco:b0018
yjiP	eco:b4339
yhiD	eco:b3508
lipB	eco:b0630
yihT	eco:b3881
xdhB	eco:b2867
leuV	eco:b4368
pgaB	eco:b1023
yraK	eco:b3145
insF1	eco:b0299
yceK	eco:b1050
ydhV	eco:b1673
thiH	eco:b3990
yaiS	eco:b0364
ydeR	eco:b1503
ydfO	eco:b1549
cspB	eco:b1557
grpE	eco:b2614
cysC	eco:b2750
eco	eco:b2209
bioB	eco:b0775
thiF	eco:b3992
purD	eco:b4005
dsbA	eco:b3860
ybdH	eco:b0599
aegA	eco:b2468
sgcR	eco:b4300
cvpA	eco:b2313
yjhG	eco:b4297
ydjO	eco:b1730
rihC	eco:b0030
thiI	eco:b0423
puuA	eco:b1297
fimG	eco:b4319
yidD	eco:b4557
rutB	eco:b1011
uxuA	eco:b4322
selC	eco:b3658
yfaY	eco:b2249
tfaS	eco:b2353
livK	eco:b3458
qorA	eco:b4051
nagB	eco:b0678
fabZ	eco:b0180
aroM	eco:b0390
elfA	eco:b0938
sapD	eco:b1291
xdhC	eco:b2868
rclR	eco:b0305
ybjT	eco:b0869
ycfJ	eco:b1110
yjgL	eco:b4253
purN	eco:b2500
wcaG	eco:b2052
yjjP	eco:b4364
yeiE	eco:b2157
greA	eco:b3181
yoeI	eco:b4678
rimM	eco:b2608
yiiQ	eco:b3920
ybfG	eco:b0691
yciZ	eco:b4596
pagP	eco:b0622
istR	eco:b4616
ruvA	eco:b1861
ycdY	eco:b1035
proA	eco:b0243
yqgA	eco:b2966
aspA	eco:b4139
ravA	eco:b3746
lacA	eco:b0342
glrK	eco:b2556
hemF	eco:b2436
garK	eco:b3124
fimB	eco:b4312
tufB	eco:b3980
rof	eco:b0189
ispE	eco:b1208
emrD	eco:b3673
yehR	eco:b2123
yfbK	eco:b2270
modF	eco:b0760
agaV	eco:b3133
arfA	eco:b4550
solA	eco:b1059
yfaZ	eco:b2250
ilvN	eco:b3670
hisB	eco:b2022
cydA	eco:b0733
aroD	eco:b1693
ybaM	eco:b0466
yhcN	eco:b3238
chbB	eco:b1738
xanP	eco:b3654
glcB	eco:b2976
yjbF	eco:b4027
ompT	eco:b0565
rplV	eco:b3315
ppk	eco:b2501
ynfG	eco:b1589
yihA	eco:b3865
fldA	eco:b0684
helD	eco:b0962
leuT	eco:b3798
cpxA	eco:b3911
aldB	eco:b3588
fabG	eco:b1093
pepA	eco:b4260
tyrS	eco:b1637
groL	eco:b4143
mdtA	eco:b2074
exbD	eco:b3005
wza	eco:b2062
yjbQ	eco:b4056
hycA	eco:b2725
yjeT	eco:b4176
yqiC	eco:b3042
rimL	eco:b1427
ykfL	eco:b4627
bamD	eco:b2595
yaeH	eco:b0163
yjaZ	eco:b3989
ygbK	eco:b2737
ppsR	eco:b1703
gudD	eco:b2787
osmC	eco:b1482
ptsH	eco:b2415
cysW	eco:b2423
yrbN	eco:b4685
rcdA	eco:b0846
zipA	eco:b2412
gltJ	eco:b0654
yeeT	eco:b2003
ybhG	eco:b0795
ymdA	eco:b1044
ffs	eco:b0455
ygaQ	eco:b4462
gpmM	eco:b3612
ykgT	eco:b4695
ybhS	eco:b0793
ftnB	eco:b1902
rpmB	eco:b3637
psuT	eco:b2164
yibF	eco:b3592
yegZ	eco:b2083
phnG	eco:b4101
rrlC	eco:b3758
yhjE	eco:b3523
uspA	eco:b3495
metG	eco:b2114
serU	eco:b1975
dkgA	eco:b3012
cspG	eco:b0990
udk	eco:b2066
atpB	eco:b3738
yjjL	eco:b4356
rrsC	eco:b3756
ydeJ	eco:b1537
rhtC	eco:b3823
livM	eco:b3456
ykgF	eco:b0307
peaD	eco:b4508
osmE	eco:b1739
potG	eco:b0855
prfC	eco:b4375
focA	eco:b0904
ydeP	eco:b1501
yneO	eco:b4696
entA	eco:b0596
norV	eco:b2710
fdrA	eco:b0518
mqo	eco:b2210
relB	eco:b1564
obgE	eco:b3183
glyQ	eco:b3560
icdC	eco:b4519
mgrR	eco:b4698
fieF	eco:b3915
argU	eco:b0536
waaY	eco:b3625
cmk	eco:b0910
casE	eco:b2756
oppA	eco:b1243
purA	eco:b4177
ydbC	eco:b1406
pinH	eco:b2648
ilvL	eco:b3766
yqfG	eco:b4684
rcsF	eco:b0196
ygeA	eco:b2840
glnA	eco:b3870
intF	eco:b0281
alaS	eco:b2697
yeaO	eco:b1792
mcrA	eco:b1159
yoaF	eco:b1793
tktA	eco:b2935
ydbJ	eco:b4529
yeiB	eco:b2152
ybhK	eco:b0780
yeaR	eco:b1797
sgcC	eco:b4304
fadE	eco:b0221
lsrF	eco:b1517
ydcU	eco:b1442
yahA	eco:b0315
yacH	eco:b0117
ydiJ	eco:b1687
glyT	eco:b3978
yhaL	eco:b3107
ompN	eco:b1377
frvR	eco:b3897
atpA	eco:b3734
mlaD	eco:b3193
djlA	eco:b0055
ymfE	eco:b1138
ygiB	eco:b3037
xapR	eco:b2405
ybcH	eco:b0567
aaaD	eco:b4634
yneM	eco:b4599
yhhJ	eco:b3485
ddlB	eco:b0092
opgC	eco:b1047
cof	eco:b0446
yidH	eco:b3676
pitB	eco:b2987
yobA	eco:b1841
abrB	eco:b0715
alaV	eco:b0203
rbsB	eco:b3751
tsaE	eco:b4168
yccT	eco:b0964
acpT	eco:b3475
priC	eco:b0467
cyaY	eco:b3807
rcsA	eco:b1951
ybhF	eco:b0794
metK	eco:b2942
ibsE	eco:b4666
narK	eco:b1223
yrbL	eco:b3207
ycjT	eco:b1316
pepN	eco:b0932
dapB	eco:b0031
xdhD	eco:b2881
relE	eco:b1563
hyfC	eco:b2483
proW	eco:b2678
thyA	eco:b2827
cbrA	eco:b3690
mntS	eco:b4705
mobA	eco:b3857
ybjC	eco:b0850
yfcU	eco:b4661
fixC	eco:b0043
yfbS	eco:b2292
pssA	eco:b2585
yhiJ	eco:b3488
ygbJ	eco:b2736
yggW	eco:b2955
ymfL	eco:b1147
yhaC	eco:b3121
shoB	eco:b4687
yhfT	eco:b3377
fliH	eco:b1940
ftsN	eco:b3933
pnuC	eco:b0751
caiA	eco:b0039
yicO	eco:b3664
paaK	eco:b1398
rsmG	eco:b3740
yeiG	eco:b2154
hchA	eco:b1967
yfcH	eco:b2304
rutE	eco:b1008
ybjS	eco:b0868
ubiI	eco:b2906
yccF	eco:b0961
sgbE	eco:b3583
cueR	eco:b0487
yjbI	eco:b4038
acnB	eco:b0118
lldP	eco:b3603
hycB	eco:b2724
yadC	eco:b0135
ygaZ	eco:b2682
serT	eco:b0971
mepM	eco:b1856
yqeK	eco:b2849
maeB	eco:b2463
ykgE	eco:b0306
feoA	eco:b3408
ygbA	eco:b2732
arsB	eco:b3502
yidR	eco:b3689
rhlE	eco:b0797
mhpF	eco:b0351
hemE	eco:b3997
nfi	eco:b3998
ydhU	eco:b1670
rrlA	eco:b3854
insL1	eco:b0016
cusB	eco:b0574
hemL	eco:b0154
yncD	eco:b1451
rbsD	eco:b3748
yjcO	eco:b4078
narL	eco:b1221
gmk	eco:b3648
frvX	eco:b3898
tfaE	eco:b1156
rimI	eco:b4373
gltB	eco:b3212
yjbM	eco:b4048
ycjS	eco:b1315
asnT	eco:b1977
proB	eco:b0242
ymiA	eco:b4522
folD	eco:b0529
ydcN	eco:b1434
rsxE	eco:b1632
mglA	eco:b2149
dgoT	eco:b3691
ugpE	eco:b3451
yraQ	eco:b3151
insQ	eco:b1432
fhlA	eco:b2731
rrsB	eco:b3968
yniA	eco:b1725
phoA	eco:b0383
wbbL	eco:b4571
cnu	eco:b1625
yfiL	eco:b2602
spoT	eco:b3650
lptD	eco:b0054
fdhE	eco:b3891
elaD	eco:b2269
rdlC	eco:b4424
uxaC	eco:b3092
yoeB	eco:b4539
lhr	eco:b1653
fabD	eco:b1092
srlR	eco:b2707
cmoB	eco:b1871
oppD	eco:b1246
yiiE	eco:b3889
pstS	eco:b3728
ydiR	eco:b1698
bcsG	eco:b3538
yfjU	eco:b2638
fabR	eco:b3963
edd	eco:b1851
gspF	eco:b3327
yjjU	eco:b4377
ribC	eco:b1662
trg	eco:b1421
rhmA	eco:b2245
damX	eco:b3388
ydhQ	eco:b1664
cytR	eco:b3934
tomB	eco:b0461
intK	eco:b1567
tcdA	eco:b2812
rpoD	eco:b3067
clpS	eco:b0881
ydhC	eco:b1660
zitB	eco:b0752
gabP	eco:b2663
fumB	eco:b4122
clsC	eco:b1046
amiB	eco:b4169
sbcD	eco:b0398
smtA	eco:b0921
bcp	eco:b2480
nuoK	eco:b2279
atoD	eco:b2221
rplR	eco:b3304
proL	eco:b2189
wcaC	eco:b2057
ddpD	eco:b1484
pspA	eco:b1304
garP	eco:b3127
ydcS	eco:b1440
dnaT	eco:b4362
fepE	eco:b0587
phnI	eco:b4099
ndh	eco:b1109
yqeF	eco:b2844
yghG	eco:b2971
ygcS	eco:b2771
soxS	eco:b4062
emrE	eco:b0543
ydiO	eco:b1695
ydiQ	eco:b1697
thrU	eco:b3976
ymdE	eco:b1028
potD	eco:b1123
yehT	eco:b2125
uof	eco:b4637
ydiE	eco:b1705
yjhY	eco:b4656
yafJ	eco:b0223
lysR	eco:b2839
ydiV	eco:b1707
eutM	eco:b2457
menC	eco:b2261
cybC	eco:b4236
glpE	eco:b3425
yhdV	eco:b3267
infC	eco:b1718
ydgH	eco:b1604
atoC	eco:b2220
rpmI	eco:b1717
ydiY	eco:b1722
chbG	eco:b1733
chbC	eco:b1737
marR	eco:b1530
waaF	eco:b3620
rluE	eco:b1135
murQ	eco:b2428
yebW	eco:b1837
rnlB	eco:b2631
yccJ	eco:b1003
ydhP	eco:b1657
alaA	eco:b2290
cysB	eco:b1275
yafN	eco:b0232
secM	eco:b0097
pyrI	eco:b4244
yidK	eco:b3679
yidE	eco:b3685
fimH	eco:b4320
yecM	eco:b1875
ilvY	eco:b3773
uvrC	eco:b1913
glpQ	eco:b2239
yfjR	eco:b2634
ytjC	eco:b4395
gadE	eco:b3512
phnE	eco:b4104
dnaX	eco:b0470
rem	eco:b1561
xthA	eco:b1749
gmhA	eco:b0222
purP	eco:b3714
cobU	eco:b1993
yciH	eco:b1282
ydjA	eco:b1765
nanC	eco:b4311
speF	eco:b0693
ynjC	eco:b1755
ohsC	eco:b4608
pphA	eco:b1838
dfp	eco:b3639
ycfQ	eco:b1111
insD1	eco:b0361
glpC	eco:b2243
elbB	eco:b3209
lysQ	eco:b0749
insX	eco:b4505
yobD	eco:b1820
aer	eco:b3072
hypD	eco:b2729
yeaD	eco:b1780
hisR	eco:b3797
yeaE	eco:b1781
fur	eco:b0683
yedI	eco:b1958
ybcF	eco:b0521
yeaI	eco:b1785
creA	eco:b4397
ybjX	eco:b0877
hfq	eco:b4172
bamA	eco:b0177
gcvH	eco:b2904
allD	eco:b0517
yjbH	eco:b4029
yqiB	eco:b3033
pyrF	eco:b1281
iraM	eco:b1160
yecD	eco:b1867
intG	eco:b1936
yneJ	eco:b1526
uxuR	eco:b4324
ygdR	eco:b2833
fnr	eco:b1334
pdxJ	eco:b2564
ygaM	eco:b2672
ecpE	eco:b0289
poxB	eco:b0871
ppiA	eco:b3363
yebF	eco:b1847
yqeG	eco:b2845
torI	eco:b4501
yfjX	eco:b2643
yhbY	eco:b3180
gfcC	eco:b0985
yjiY	eco:b4354
nadE	eco:b1740
accA	eco:b0185
csgC	eco:b1043
yjgN	eco:b4257
bioC	eco:b0777
mokB	eco:b1420
mntR	eco:b0817
infB	eco:b3168
yiiM	eco:b3910
yahJ	eco:b0324
treC	eco:b4239
flgH	eco:b1079
yobH	eco:b4536
torY	eco:b1873
yrhA	eco:b3443
yhbW	eco:b3160
yedL	eco:b1932
rrfE	eco:b4010
dksA	eco:b0145
aroK	eco:b3390
yhjA	eco:b3518
argY	eco:b2693
yraI	eco:b3143
yhbU	eco:b3158
truD	eco:b2745
ftsE	eco:b3463
feoB	eco:b3409
mhpR	eco:b0346
jayE	eco:b1152
aaeX	eco:b3242
nuoF	eco:b2284
hofQ	eco:b3391
nudC	eco:b3996
yjdI	eco:b4126
yhcF	eco:b3219
recX	eco:b2698
yffL	eco:b2443
ydaV	eco:b1360
yadN	eco:b0141
yeeN	eco:b1983
yjiA	eco:b4352
yihW	eco:b3884
cysM	eco:b2421
araF	eco:b1901
atpF	eco:b3736
osmB	eco:b1283
agaS	eco:b3136
yaaA	eco:b0006
ypjD	eco:b2611
ytcA	eco:b4622
spy	eco:b1743
xisE	eco:b1141
ypdI	eco:b2376
suhB	eco:b2533
bamB	eco:b2512
yaeI	eco:b0164
yfcS	eco:b2336
gfcA	eco:b0987
ppx	eco:b2502
yhcB	eco:b3233
hsdM	eco:b4349
pheL	eco:b2598
sieB	eco:b1353
degQ	eco:b3234
uxuB	eco:b4323
yccE	eco:b1001
atpD	eco:b3732
glnD	eco:b0167
sgcB	eco:b4565
ibpA	eco:b3687
yecH	eco:b1906
rpmG	eco:b3636
dtpB	eco:b3496
cydB	eco:b0734
sfmA	eco:b0530
prmC	eco:b1212
cysG	eco:b3368
yceH	eco:b1067
yegQ	eco:b2081
renD	eco:b0542
tig	eco:b0436
glsA	eco:b0485
paaJ	eco:b1397
cirA	eco:b2155
serA	eco:b2913
yeaW	eco:b1802
cyaA	eco:b3806
tyrR	eco:b1323
ycjP	eco:b1312
stfQ	eco:b1547
rfbD	eco:b2040
potI	eco:b0857
yehD	eco:b2111
thiQ	eco:b0066
yegE	eco:b2067
pabC	eco:b1096
citD	eco:b0617
prmA	eco:b3259
sgbH	eco:b3581
fliT	eco:b1926
yidG	eco:b3675
ldrC	eco:b4423
aceF	eco:b0115
garL	eco:b3126
ydhY	eco:b1674
hemY	eco:b3802
yegR	eco:b2085
trmD	eco:b2607
atpG	eco:b3733
hisL	eco:b2018
yqcC	eco:b2792
tnaB	eco:b3709
chiQ	eco:b0682
asr	eco:b1597
ftsL	eco:b0083
yjcH	eco:b4068
srlB	eco:b2704
rimO	eco:b0835
yrdB	eco:b3280
leuS	eco:b0642
yqjD	eco:b3098
asnW	eco:b1984
ybdJ	eco:b0580
narP	eco:b2193
ilvM	eco:b3769
sokA	eco:b4614
umuC	eco:b1184
ygcB	eco:b2761
ydaE	eco:b4526
ynfM	eco:b1596
sbcB	eco:b2011
rsmB	eco:b3289
kdsB	eco:b0918
rrsA	eco:b3851
yqhG	eco:b3013
yfcF	eco:b2301
ydaN	eco:b1342
hisI	eco:b2026
eptB	eco:b3546
yeeZ	eco:b2016
astC	eco:b1748
mtlA	eco:b3599
ligB	eco:b3647
pqqL	eco:b1494
yafS	eco:b0213
sgcE	eco:b4301
dsbG	eco:b0604
yhaV	eco:b3130
alsA	eco:b4087
yedK	eco:b1931
hemN	eco:b3867
frlD	eco:b3374
lrhA	eco:b2289
afuC	eco:b0262
speC	eco:b2965
dsbD	eco:b4136
ybiP	eco:b0815
aslB	eco:b3800
nadR	eco:b4390
fxsA	eco:b4140
iclR	eco:b4018
ftsZ	eco:b0095
lsrA	eco:b1513
yfhL	eco:b2562
narU	eco:b1469
wcaL	eco:b2044
sufB	eco:b1683
flhE	eco:b1878
phnP	eco:b4092
ugpC	eco:b3450
yjbL	eco:b4047
fecA	eco:b4291
yijF	eco:b3944
ribE	eco:b0415
aes	eco:b0476
agaD	eco:b3140
epmA	eco:b4155
ynbC	eco:b1410
mdh	eco:b3236
yjiC	eco:b4325
usg	eco:b2319
yjfP	eco:b4190
yojI	eco:b2211
ppsA	eco:b1702
gstA	eco:b1635
tag	eco:b3549
lplA	eco:b4386
yhfA	eco:b3356
gltI	eco:b0655
slyX	eco:b3348
ogrK	eco:b2082
ybaZ	eco:b0454
yahM	eco:b0327
fbaB	eco:b2097
acrD	eco:b2470
bfd	eco:b3337
ygbL	eco:b2738
yiiG	eco:b3896
pheU	eco:b4134
pepP	eco:b2908
pgk	eco:b2926
gspK	eco:b3332
iadA	eco:b4328
yffO	eco:b2446
yciU	eco:b1248
yhjV	eco:b3539
hslU	eco:b3931
yhfY	eco:b3382
trkG	eco:b1363
pepQ	eco:b3847
tyrV	eco:b1230
yqfB	eco:b2900
yjaG	eco:b3999
yihF	eco:b3861
glnQ	eco:b0809
yfhG	eco:b2555
yjgZ	eco:b4277
ttcA	eco:b1344
yhbT	eco:b3157
alx	eco:b3088
acrE	eco:b3265
setB	eco:b2170
gor	eco:b3500
hisP	eco:b2306
eutK	eco:b2438
tusE	eco:b0969
ryjB	eco:b4624
nrfD	eco:b4073
fliE	eco:b1937
ygjP	eco:b3085
ygaP	eco:b2668
leuD	eco:b0071
pbpC	eco:b2519
yjfN	eco:b4188
yejE	eco:b2179
yhaO	eco:b3110
glpK	eco:b3926
eutQ	eco:b2460
yidA	eco:b3697
ymfR	eco:b1150
arpA	eco:b4017
loiP	eco:b2936
rbsC	eco:b3750
yohF	eco:b2137
rpsL	eco:b3342
uvrB	eco:b0779
tdcA	eco:b3118
yicS	eco:b4555
dusC	eco:b2140
dbpA	eco:b1343
yagE	eco:b0268
tfaQ	eco:b1546
rcnR	eco:b2105
bdcR	eco:b4251
mtlD	eco:b3600
ybeL	eco:b0643
ibpB	eco:b3686
thrL	eco:b0001
ribD	eco:b0414
aspS	eco:b1866
pspC	eco:b1306
argW	eco:b2348
mglC	eco:b2148
yneG	eco:b1523
yicR	eco:b3638
ycgI	eco:b4521
fruK	eco:b2168
yfeD	eco:b2399
rtn	eco:b2176
rplI	eco:b4203
yggX	eco:b2962
betI	eco:b0313
dgkA	eco:b4042
mcbR	eco:b1450
dgcZ	eco:b1535
yejM	eco:b2188
ptrB	eco:b1845
tatA	eco:b3836
napD	eco:b2207
yfgG	eco:b2504
hyaD	eco:b0975
gatB	eco:b2093
mepH	eco:b1655
sanA	eco:b2144
yhaI	eco:b3104
ppdC	eco:b2823
yeiQ	eco:b2172
rnhB	eco:b0183
yajL	eco:b0424
rsmI	eco:b3146
yehX	eco:b2129
napG	eco:b2205
rsmJ	eco:b3497
yecA	eco:b1908
ydjF	eco:b1770
hyfB	eco:b2482
speA	eco:b2938
elfC	eco:b0940
ompL	eco:b3875
yfdE	eco:b2371
gnsB	eco:b1550
nohQ	eco:b1548
pqiA	eco:b0950
flu	eco:b2000
lomR	eco:b4570
ecnA	eco:b4410
yfcR	eco:b2335
ydfB	eco:b1572
mdlB	eco:b0449
oxc	eco:b2373
dinI	eco:b1061
cyoA	eco:b0432
ycjN	eco:b1310
yahK	eco:b0325
glcF	eco:b4467
ilvI	eco:b0077
panE	eco:b0425
hcaC	eco:b2540
ompG	eco:b1319
ycfT	eco:b1115
hofO	eco:b3393
pheA	eco:b2599
cpxP	eco:b4484
ydgD	eco:b1598
glcG	eco:b2977
yqjA	eco:b3095
rarD	eco:b3819
lpxB	eco:b0182
mcaS	eco:b4426
ygfF	eco:b2902
waaR	eco:b3627
ttdR	eco:b3060
rplY	eco:b2185
ptrA	eco:b2821
gfcD	eco:b0984
yigL	eco:b3826
glvC	eco:b3683
yidC	eco:b3705
yafU	eco:b0218
insI1	eco:b0256
yddL	eco:b1472
rne	eco:b1084
yfjV	eco:b2641
ugpA	eco:b3452
ddpX	eco:b1488
preA	eco:b2147
ygcP	eco:b2768
ilvD	eco:b3771
yeiS	eco:b2145
fruB	eco:b2169
nrfE	eco:b4074
yhaH	eco:b3103
ytfI	eco:b4215
phr	eco:b0708
ydfV	eco:b1565
dnaQ	eco:b0215
pcnB	eco:b0143
icd	eco:b1136
patA	eco:b3073
ycfH	eco:b1100
gtrS	eco:b2352
hcaF	eco:b2539
araB	eco:b0063
yceG	eco:b1097
nth	eco:b1633
fabI	eco:b1288
aroB	eco:b3389
yoaA	eco:b1808
prfH	eco:b0236
yjjW	eco:b4379
yjgX	eco:b4575
ydcH	eco:b1426
ynfH	eco:b1590
yedF	eco:b1930
argK	eco:b2918
trpA	eco:b1260
caiC	eco:b0037
tamB	eco:b4221
cdsA	eco:b0175
ldrA	eco:b4419
yqjI	eco:b3071
yeaK	eco:b1787
yhjB	eco:b3520
ycaQ	eco:b0916
metH	eco:b4019
yafK	eco:b0224
yciA	eco:b1253
yiiF	eco:b3890
allR	eco:b0506
yecE	eco:b1868
kup	eco:b3747
ynbB	eco:b1409
ybbP	eco:b0496
ycdU	eco:b1029
yehW	eco:b2128
lpoB	eco:b1105
yibI	eco:b3598
yqaB	eco:b2690
ybjQ	eco:b0866
yedE	eco:b1929
ynjE	eco:b1757
kdpE	eco:b0694
yafF	eco:b4503
pmbA	eco:b4235
valW	eco:b1666
recO	eco:b2565
lysV	eco:b2404
rnc	eco:b2567
ugpQ	eco:b3449
allA	eco:b0505
yqaE	eco:b2666
yciW	eco:b1287
tnaA	eco:b3708
yadG	eco:b0127
hrpA	eco:b1413
recG	eco:b3652
fliP	eco:b1948
maa	eco:b0459
yagF	eco:b0269
yceI	eco:b1056
nfsB	eco:b0578
fmt	eco:b3288
bioF	eco:b0776
fryB	eco:b2387
ybhA	eco:b0766
selD	eco:b1764
rbbA	eco:b3486
yjjY	eco:b4402
ydcO	eco:b1433
secF	eco:b0409
yjfI	eco:b4181
vsr	eco:b1960
nanR	eco:b3226
entE	eco:b0594
ycfP	eco:b1108
yihI	eco:b3866
hyfA	eco:b2481
ilvA	eco:b3772
tehA	eco:b1429
yecJ	eco:b4537
nrdE	eco:b2675
croE	eco:b1146
lptB	eco:b3201
yihM	eco:b3873
yihD	eco:b3858
yaiP	eco:b0363
pabA	eco:b3360
mscM	eco:b4159
dsbB	eco:b1185
dcyD	eco:b1919
xerD	eco:b2894
alsK	eco:b4084
psrO	eco:b4449
amiC	eco:b2817
tamA	eco:b4220
hipA	eco:b1507
plaP	eco:b2014
yhhL	eco:b3466
yagH	eco:b0271
mpaA	eco:b1326
nhoA	eco:b1463
rsfS	eco:b0637
pcm	eco:b2743
psrD	eco:b4418
eptC	eco:b3955
gyrA	eco:b2231
yaiI	eco:b0387
rnt	eco:b1652
menI	eco:b1686
hyfJ	eco:b2490
yadD	eco:b0132
pspE	eco:b1308
ymgG	eco:b1172
yfcQ	eco:b2334
pstA	eco:b3726
tadA	eco:b2559
yicC	eco:b3644
gadC	eco:b1492
sibB	eco:b4437
thrB	eco:b0003
insM	eco:b4561
rfbB	eco:b2041
yoaK	eco:b4676
ubiE	eco:b3833
arnA	eco:b2255
hcaB	eco:b2541
cstA	eco:b0598
ydiN	eco:b1691
ybiW	eco:b0823
sulA	eco:b0958
yliE	eco:b0833
ybfE	eco:b0685
ydhT	eco:b1669
yidZ	eco:b3711
yeiW	eco:b4502
betA	eco:b0311
yhhY	eco:b3441
yfjT	eco:b2637
flgJ	eco:b1081
npr	eco:b3206
ndk	eco:b2518
prpR	eco:b0330
wecD	eco:b3790
yhhS	eco:b3473
yoeA	eco:b4582
fau	eco:b2912
codB	eco:b0336
yeeE	eco:b2013
yidI	eco:b3677
ygeN	eco:b2858
tktB	eco:b2465
ybdG	eco:b0577
bglG	eco:b3723
qseC	eco:b3026
ycaC	eco:b0897
djlC	eco:b0649
yphC	eco:b2545
macB	eco:b0879
rrlD	eco:b3275
yihP	eco:b3877
nohD	eco:b0560
dsbE	eco:b2195
yghT	eco:b2986
yqjF	eco:b3101
ybbJ	eco:b0488
chpB	eco:b4225
dxs	eco:b0420
lpxT	eco:b2174
cfa	eco:b1661
cysI	eco:b2763
yegU	eco:b2099
hycC	eco:b2723
uidB	eco:b1616
yghB	eco:b3009
yqeL	eco:b4683
csdE	eco:b2811
kdgT	eco:b3909
recD	eco:b2819
ymfM	eco:b1148
gadA	eco:b3517
htpX	eco:b1829
lsrR	eco:b1512
yfdR	eco:b2361
ralR	eco:b1348
rzoR	eco:b4528
yncG	eco:b1454
iaaA	eco:b0828
ampH	eco:b0376
ampC	eco:b4150
gltD	eco:b3213
fepB	eco:b0592
emrK	eco:b2368
valT	eco:b0744
grxC	eco:b3610
yjhC	eco:b4280
murD	eco:b0088
yagG	eco:b0270
rplW	eco:b3318
arnT	eco:b2257
yhjD	eco:b3522
ycbK	eco:b0926
yddE	eco:b1464
hyfE	eco:b2485
glpD	eco:b3426
gsiD	eco:b0832
pgpA	eco:b0418
yodD	eco:b1953
beeE	eco:b1151
tfaD	eco:b0561
cbdX	eco:b4592
ynfA	eco:b1582
wzxE	eco:b3792
mscL	eco:b3291
flc	eco:b0624
mdlA	eco:b0448
hybO	eco:b2997
aqpZ	eco:b0875
ycdT	eco:b1025
yiaC	eco:b3550
panF	eco:b3258
ffh	eco:b2610
opgG	eco:b1048
pstC	eco:b3727
aspU	eco:b0206
udp	eco:b3831
mglB	eco:b2150
chbR	eco:b1735
acs	eco:b4069
creC	eco:b4399
ydeT	eco:b1505
ftsI	eco:b0084
aceA	eco:b4015
asnB	eco:b0674
stfP	eco:b1154
yfcI	eco:b2305
dctA	eco:b3528
nanK	eco:b3222
ynfO	eco:b4533
prlF	eco:b3129
ydcT	eco:b1441
rutG	eco:b1006
cusA	eco:b0575
ybeT	eco:b0647
mdtD	eco:b2077
glmZ	eco:b4456
torZ	eco:b1872
ydeS	eco:b1504
ispB	eco:b3187
ydfG	eco:b1539
rpmF	eco:b1089
aspT	eco:b3760
rssA	eco:b1234
dcuS	eco:b4125
ybbO	eco:b0493
iscU	eco:b2529
bcsE	eco:b3536
yegH	eco:b2063
paoD	eco:b0283
dcuA	eco:b4138
argS	eco:b1876
lptG	eco:b4262
gph	eco:b3385
ybcV	eco:b0558
ecnB	eco:b4411
psaA	eco:b4645
yfbU	eco:b2294
ubiG	eco:b2232
zapC	eco:b0946
actP	eco:b4067
yjfC	eco:b4186
fixA	eco:b0041
allE	eco:b0515
ebgR	eco:b3075
aaeA	eco:b3241
yhjR	eco:b3535
elfD	eco:b0939
ydiT	eco:b1700
sufA	eco:b1684
ysaC	eco:b4648
srlE	eco:b2703
pta	eco:b2297
fadB	eco:b3846
yicJ	eco:b3657
lysC	eco:b4024
recC	eco:b2822
ileX	eco:b3069
yhcC	eco:b3211
ldhA	eco:b1380
rzoD	eco:b4510
yghU	eco:b2989
yiaN	eco:b3578
yaiE	eco:b0391
ydfX	eco:b1568
valV	eco:b1665
yadK	eco:b0136
yebQ	eco:b1828
nrdF	eco:b2676
higA	eco:b3082
hokC	eco:b4412
ygaH	eco:b2683
ybfK	eco:b4590
bioA	eco:b0774
yfeR	eco:b2409
yiaM	eco:b3577
glnU	eco:b0670
csgB	eco:b1041
yddK	eco:b1471
pheP	eco:b0576
mcrB	eco:b4346
yiaD	eco:b3552
nanM	eco:b4310
ihfB	eco:b0912
recA	eco:b2699
yafY	eco:b0251
cptA	eco:b2896
purH	eco:b4006
ais	eco:b2252
phnC	eco:b4106
znuC	eco:b1858
dtpC	eco:b4130
dosC	eco:b1490
ydgJ	eco:b1624
iscX	eco:b2524
smg	eco:b3284
ybjM	eco:b0848
thrW	eco:b0244
aroF	eco:b2601
ybfA	eco:b0699
ycaP	eco:b0906
nlpC	eco:b1708
insJ	eco:b3557
esrE	eco:b4707
yrdE	eco:b4646
ybjG	eco:b0841
glvG	eco:b4556
yahF	eco:b0320
deoA	eco:b4382
ydgU	eco:b4601
phoB	eco:b0399
yfeZ	eco:b2433
ybhL	eco:b0786
rlmC	eco:b0859
hflC	eco:b4175
xylB	eco:b3564
argD	eco:b3359
fhuF	eco:b4367
fumC	eco:b1611
uspC	eco:b1895
yjdN	eco:b4107
insA	eco:b0022
metL	eco:b3940
dmlA	eco:b1800
ypfH	eco:b2473
yhiN	eco:b3492
pyrB	eco:b4245
ybfP	eco:b0689
rtcA	eco:b4475
ykfK	eco:b4628
holD	eco:b4372
ydhK	eco:b1645
yaeF	eco:b0193
rnd	eco:b1804
fhuD	eco:b0152
djlB	eco:b0646
yiaW	eco:b3587
cheZ	eco:b1881
yadE	eco:b0130
ybiJ	eco:b0802
ydcK	eco:b1428
phnD	eco:b4105
queD	eco:b2765
nac	eco:b1988
holA	eco:b0640
pheV	eco:b2967
ydfD	eco:b1576
potF	eco:b0854
rhmR	eco:b2248
pitA	eco:b3493
gldA	eco:b3945
ybeZ	eco:b0660
aroP	eco:b0112
mpl	eco:b4233
katG	eco:b3942
hdeA	eco:b3510
nfuA	eco:b3414
evgA	eco:b2369
kduD	eco:b2842
ebgA	eco:b3076
chaB	eco:b1217
lpxC	eco:b0096
cysZ	eco:b2413
ydgA	eco:b1614
guaC	eco:b0104
yedJ	eco:b1962
yigA	eco:b3810
ivy	eco:b0220
yfdC	eco:b2347
casA	eco:b2760
yoeD	eco:b4642
aspC	eco:b0928
sokX	eco:b4701
rrrQ	eco:b1554
metE	eco:b3829
yobF	eco:b1824
lysZ	eco:b0748
yhhA	eco:b3448
hspQ	eco:b0966
fhuC	eco:b0151
paoB	eco:b0285
rprA	eco:b4431
fdhD	eco:b3895
argF	eco:b0273
blr	eco:b4409
msyB	eco:b1051
ypfM	eco:b4606
yneE	eco:b1520
rraB	eco:b4255
tolR	eco:b0738
ygcW	eco:b2774
waaB	eco:b3628
mdtM	eco:b4337
ybjI	eco:b0844
mazG	eco:b2781
gabT	eco:b2662
yjiK	eco:b4333
ycjF	eco:b1322
yehU	eco:b2126
fepG	eco:b0589
azuC	eco:b4663
modB	eco:b0764
thiB	eco:b0068
argA	eco:b2818
ygfB	eco:b2909
yfeH	eco:b2410
sppA	eco:b1766
ybbA	eco:b0495
fsr	eco:b0479
rpsA	eco:b0911
phnH	eco:b4100
crr	eco:b2417
ytfA	eco:b4205
yeaY	eco:b1806
ddpA	eco:b1487
yjcE	eco:b4065
yigG	eco:b3818
ypjA	eco:b2647
yfhR	eco:b2534
mmuP	eco:b0260
citE	eco:b0616
holB	eco:b1099
secY	eco:b3300
kdsA	eco:b1215
yjiT	eco:b4342
chbA	eco:b1736
ybgI	eco:b0710
rbn	eco:b2268
ygcG	eco:b2778
ligA	eco:b2411
ytfL	eco:b4218
waaU	eco:b3623
yibV	eco:b4615
ybeR	eco:b0645
rbsA	eco:b3749
proC	eco:b0386
tsaA	eco:b0195
stfR	eco:b1372
fliZ	eco:b1921
gltP	eco:b4077
yoaJ	eco:b4675
yjbG	eco:b4028
gatY	eco:b2096
panD	eco:b0131
ytfJ	eco:b4216
arfB	eco:b0191
purT	eco:b1849
mepS	eco:b2175
cadA	eco:b4131
aaeB	eco:b3240
setA	eco:b0070
yebY	eco:b1839
trpB	eco:b1261
ycgB	eco:b1188
ycgN	eco:b1181
fabH	eco:b1091
manY	eco:b1818
srkA	eco:b3859
yjgM	eco:b4256
fadH	eco:b3081
yifL	eco:b4558
ssuB	eco:b0933
ybeX	eco:b0658
bcsZ	eco:b3531
ykfI	eco:b0245
thrT	eco:b3979
ycbL	eco:b0927
ypjC	eco:b2650
plsX	eco:b1090
yeeD	eco:b2012
yhaM	eco:b4470
kefC	eco:b0047
ychH	eco:b1205
dnaB	eco:b4052
yebG	eco:b1848
dgoA	eco:b4477
acrF	eco:b3266
tehB	eco:b1430
sapB	eco:b1293
fabB	eco:b2323
dps	eco:b0812
hslV	eco:b3932
csgE	eco:b1039
minD	eco:b1175
yggM	eco:b2956
fucO	eco:b2799
topA	eco:b1274
mepA	eco:b2328
ymiB	eco:b4672
nikE	eco:b3480
yiiS	eco:b3922
gshA	eco:b2688
lysS	eco:b2890
epmC	eco:b2326
fucK	eco:b2803
ytfQ	eco:b4227
gmr	eco:b1285
rzpQ	eco:b1553
rlmN	eco:b2517
glmM	eco:b3176
yahG	eco:b0321
yajQ	eco:b0426
cpdB	eco:b4213
fsaA	eco:b0825
sgrS	eco:b4577
purM	eco:b2499
rhaD	eco:b3902
clsA	eco:b1249
waaJ	eco:b3626
mnaT	eco:b1448
gluQ	eco:b0144
caiF	eco:b0034
nusG	eco:b3982
ydfI	eco:b1542
rffG	eco:b3788
yghW	eco:b2998
mlaF	eco:b3195
yicL	eco:b3660
yeiI	eco:b2160
adiY	eco:b4116
uxaB	eco:b1521
osmY	eco:b4376
oxyS	eco:b4458
phoR	eco:b0400
rpsD	eco:b3296
caiB	eco:b0038
proP	eco:b4111
ycaL	eco:b0909
ybdZ	eco:b4511
miaB	eco:b0661
yagJ	eco:b0276
cpsG	eco:b2048
yjiX	eco:b4353
yphD	eco:b2546
murF	eco:b0086
metY	eco:b3171
serS	eco:b0893
cysQ	eco:b4214
torT	eco:b0994
mdtH	eco:b1065
hyaC	eco:b0974
araH	eco:b4460
yjdJ	eco:b4127
rydC	eco:b4597
sfsB	eco:b3188
mutH	eco:b2831
yaaW	eco:b0011
yjiH	eco:b4330
ryeA	eco:b4432
envC	eco:b3613
rhaR	eco:b3906
ymjD	eco:b4673
mukE	eco:b0923
cpsB	eco:b2049
malK	eco:b4035
intS	eco:b2349
lolE	eco:b1118
yejG	eco:b2181
rutA	eco:b1012
mnmC	eco:b2324
cueO	eco:b0123
wzxC	eco:b2046
yraJ	eco:b3144
dnaK	eco:b0014
mutT	eco:b0099
yccM	eco:b0992
mrcB	eco:b0149
valS	eco:b4258
zraP	eco:b4002
sxy	eco:b0959
yeaQ	eco:b1795
yhhH	eco:b3483
hyaA	eco:b0972
yjhB	eco:b4279
mutY	eco:b2961
yecS	eco:b1918
fliO	eco:b1947
baeS	eco:b2078
csiR	eco:b2664
basR	eco:b4113
tdcR	eco:b3119
yciO	eco:b1267
ygeV	eco:b2869
alaC	eco:b2379
mdtN	eco:b4082
ycjR	eco:b1314
malP	eco:b3417
uvrD	eco:b3813
paaD	eco:b1391
dam	eco:b3387
waaC	eco:b3621
deoB	eco:b4383
bsmA	eco:b4189
oppF	eco:b1247
dsdA	eco:b2366
pptA	eco:b1461
bamC	eco:b2477
yddA	eco:b1496
creD	eco:b4400
sodC	eco:b1646
isrC	eco:b4435
sokC	eco:b4413
dctR	eco:b3507
ybgA	eco:b0707
ygfQ	eco:b4464
yncJ	eco:b1436
ydfA	eco:b1571
tyrT	eco:b1231
rplK	eco:b3983
flgG	eco:b1078
leuC	eco:b0072
dsbC	eco:b2893
eutG	eco:b2453
folK	eco:b0142
nrdR	eco:b0413
ynaJ	eco:b1332
yjdC	eco:b4135
recQ	eco:b3822
ugpB	eco:b3453
znuA	eco:b1857
ydfU	eco:b1560
yeiP	eco:b2171
fliG	eco:b1939
ttdT	eco:b3063
yjeV	eco:b4670
ptsG	eco:b1101
gspI	eco:b3330
dsrA	eco:b1954
rpsG	eco:b3341
phoP	eco:b1130
yggE	eco:b2922
rlmE	eco:b3179
asnA	eco:b3744
ybdL	eco:b0600
lit	eco:b1139
fdoH	eco:b3893
pheT	eco:b1713
yedS	eco:b4496
higB	eco:b3083
rhsC	eco:b0700
ybfQ	eco:b4514
ybcJ	eco:b0528
eutP	eco:b2461
yqeB	eco:b2875
ykfN	eco:b4626
bluF	eco:b1163
yjhE	eco:b4282
alpA	eco:b2624
sgbU	eco:b3582
yebT	eco:b1834
dapA	eco:b2478
asmA	eco:b2064
ulaB	eco:b4194
acrR	eco:b0464
ygdB	eco:b2824
aslA	eco:b3801
yfaE	eco:b2236
dppF	eco:b3540
yggF	eco:b2930
mmuM	eco:b0261
ppdD	eco:b0108
gltS	eco:b3653
ybiT	eco:b0820
wecB	eco:b3786
ycgL	eco:b1179
ubiD	eco:b3843
tpiA	eco:b3919
yqgF	eco:b2949
yfcP	eco:b2333
rplL	eco:b3986
ynaI	eco:b1330
ygfI	eco:b2921
gdhA	eco:b1761
hybA	eco:b2996
fabF	eco:b1095
ybeD	eco:b0631
ldcA	eco:b1192
cvrA	eco:b1191
yohP	eco:b4679
ydhL	eco:b1648
wbbK	eco:b2032
yciI	eco:b1251
nupC	eco:b2393
patD	eco:b1444
valX	eco:b2402
yqeI	eco:b2847
ruvC	eco:b1863
ibsB	eco:b4668
ilvX	eco:b4669
ycgV	eco:b1202
rplP	eco:b3313
yfeO	eco:b2389
glpX	eco:b3925
rhtA	eco:b0813
pfo	eco:b1378
acpS	eco:b2563
rttR	eco:b4425
kbaY	eco:b3137
ttcC	eco:b4638
ychE	eco:b1242
hofN	eco:b3394
dxr	eco:b0173
gpmA	eco:b0755
pbl	eco:b2854
rlmL	eco:b0948
ynfF	eco:b1588
aat	eco:b0885
cutC	eco:b1874
ycaK	eco:b0901
rhaA	eco:b3903
tas	eco:b2834
rplX	eco:b3309
deaD	eco:b3162
tpr	eco:b1229
tdcG	eco:b4471
yeeX	eco:b2007
leuL	eco:b0075
flgE	eco:b1076
yjhP	eco:b4306
yjfK	eco:b4183
yqiH	eco:b3047
paaE	eco:b1392
ccmC	eco:b2199
mukB	eco:b0924
opgD	eco:b1424
rzpR	eco:b1362
fkpB	eco:b0028
secA	eco:b0098
ubiF	eco:b0662
speD	eco:b0120
ddpC	eco:b1485
rhsE	eco:b1456
dhaM	eco:b1198
yfbN	eco:b2273
yjiM	eco:b4335
prkB	eco:b3355
yddH	eco:b1462
ycfZ	eco:b1121
flhC	eco:b1891
pyrH	eco:b0171
yeeO	eco:b1985
hycH	eco:b2718
melB	eco:b4120
rsuA	eco:b2183
ybgD	eco:b0719
safA	eco:b1500
dsdC	eco:b2364
allB	eco:b0512
dinB	eco:b0231
lsrK	eco:b1511
yjhZ	eco:b4657
gadB	eco:b1493
apbE	eco:b2214
yoaH	eco:b1811
entB	eco:b0595
nrdG	eco:b4237
clpA	eco:b0882
yibL	eco:b3602
ypjJ	eco:b4548
yjjI	eco:b4380
frlR	eco:b3375
ykgM	eco:b0296
ttdA	eco:b3061
ydiU	eco:b1706
ybfB	eco:b0702
gadY	eco:b4452
setC	eco:b3659
sfmH	eco:b0533
feaR	eco:b1384
sspB	eco:b3228
yehQ	eco:b2122
fbp	eco:b4232
ygaC	eco:b2671
yhdY	eco:b3270
pntB	eco:b1602
nuoB	eco:b2287
cbrC	eco:b3717
yieK	eco:b3718
yjdQ	eco:b4654
ycaR	eco:b0917
cobC	eco:b0638
bacA	eco:b3057
yidP	eco:b3684
cmtA	eco:b2933
tar	eco:b1886
ybdK	eco:b0581
ygjI	eco:b3078
cheA	eco:b1888
sroH	eco:b4691
hinT	eco:b1103
cpdA	eco:b3032
thrS	eco:b1719
yfjS	eco:b2636
slyB	eco:b1641
ugd	eco:b2028
lafU	eco:b0230
eutA	eco:b2451
argR	eco:b3237
melA	eco:b4119
yehS	eco:b2124
ydeQ	eco:b1502
anmK	eco:b1640
rhlB	eco:b3780
mreB	eco:b3251
parE	eco:b3030
aas	eco:b2836
prlC	eco:b3498
yieE	eco:b3712
tufA	eco:b3339
dinD	eco:b3645
srmB	eco:b2576
mdtQ	eco:b2139
holE	eco:b1842
rhsB	eco:b3482
avtA	eco:b3572
gsiC	eco:b0831
yjjK	eco:b4391
pflD	eco:b3951
rspA	eco:b1581
yejB	eco:b2178
hemX	eco:b3803
yhcA	eco:b3215
rnr	eco:b4179
ycgJ	eco:b1177
msrC	eco:b1832
tynA	eco:b1386
hyfI	eco:b2489
typA	eco:b3871
tyrP	eco:b1907
ygiC	eco:b3038
gmd	eco:b2053
fetA	eco:b0490
ypeA	eco:b2434
leuQ	eco:b4370
queF	eco:b2794
nlpD	eco:b2742
ybfF	eco:b0686
bglA	eco:b2901
dicB	eco:b1575
yhiM	eco:b3491
ulaC	eco:b4195
gnsA	eco:b4517
puuR	eco:b1299
ydeA	eco:b1528
lsrG	eco:b1518
skp	eco:b0178
pflA	eco:b0902
nfsA	eco:b0851
pheS	eco:b1714
phnL	eco:b4096
yeeS	eco:b2002
ldtA	eco:b1990
yhfX	eco:b3381
sgcQ	eco:b4303
paaC	eco:b1390
yfdL	eco:b2355
ygaU	eco:b2665
ydcA	eco:b1419
yieL	eco:b3719
gpp	eco:b3779
holC	eco:b4259
secG	eco:b3175
yfbP	eco:b2275
ychF	eco:b1203
mazE	eco:b2783
gntU	eco:b4476
yeiL	eco:b2163
lolC	eco:b1116
bglJ	eco:b4366
prmB	eco:b2330
groS	eco:b4142
yhbE	eco:b3184
yeiR	eco:b2173
nfrA	eco:b0568
aidB	eco:b4187
yhdE	eco:b3248
mtgA	eco:b3208
rsmF	eco:b1835
cynR	eco:b0338
phnO	eco:b4093
cusS	eco:b0570
cspE	eco:b0623
hofP	eco:b3392
rdlA	eco:b4420
rimJ	eco:b1066
yeaN	eco:b1791
yncH	eco:b1455
metA	eco:b4013
ydfK	eco:b1544
yqjC	eco:b3097
ycaM	eco:b0899
nirB	eco:b3365
alaW	eco:b2397
pgi	eco:b4025
envZ	eco:b3404
atoA	eco:b2222
hscC	eco:b0650
clpX	eco:b0438
flgC	eco:b1074
rspB	eco:b1580
ycbC	eco:b0920
gltF	eco:b3214
ucpA	eco:b2426
ybdM	eco:b0601
ynjB	eco:b1754
xseA	eco:b2509
purU	eco:b1232
yebZ	eco:b1840
ydiH	eco:b1685
katE	eco:b1732
potC	eco:b1124
fldB	eco:b2895
yfeS	eco:b2420
mreC	eco:b3250
rplN	eco:b3310
glcE	eco:b4468
ycbX	eco:b0947
cbdA	eco:b0978
ubiH	eco:b2907
yoaE	eco:b1816
ybaY	eco:b0453
yihV	eco:b3883
yecF	eco:b1915
nadD	eco:b0639
eyeA	eco:b4690
ecpC	eco:b0291
fliC	eco:b1923
smrB	eco:b2331
yggL	eco:b2959
opgH	eco:b1049
php	eco:b3379
ykgS	eco:b4688
ybiB	eco:b0800
frlA	eco:b3370
ftsB	eco:b2748
ulaG	eco:b4192
cmtB	eco:b2934
modE	eco:b0761
yhbJ	eco:b3205
sad	eco:b1525
ycaI	eco:b0913
ilvG	eco:b4488
elaA	eco:b2267
rcnB	eco:b2107
artQ	eco:b0862
tesA	eco:b0494
cohE	eco:b1145
lacY	eco:b0343
dcuD	eco:b3227
rffH	eco:b3789
prc	eco:b1830
mcbA	eco:b0806
nudF	eco:b3034
ygjR	eco:b3087
yegK	eco:b2072
sstT	eco:b3089
yhdW	eco:b3268
rimP	eco:b3170
ryhB	eco:b4451
tdcC	eco:b3116
yjgH	eco:b4248
asnV	eco:b1989
uacT	eco:b2888
yeeL	eco:b4497
nlpE	eco:b0192
rsxG	eco:b1631
rihA	eco:b0651
ymdB	eco:b1045
ydgC	eco:b1607
barA	eco:b2786
preT	eco:b2146
glnX	eco:b0664
frlB	eco:b3371
casC	eco:b2758
ssrS	eco:b2911
rplF	eco:b3305
recT	eco:b1349
rutF	eco:b1007
argQ	eco:b2691
dppB	eco:b3543
wcaF	eco:b2054
wcaB	eco:b2058
ileU	eco:b3277
ltaE	eco:b0870
ycgH	eco:b4491
ydbD	eco:b1407
bax	eco:b3570
yddW	eco:b1491
lspA	eco:b0027
yegT	eco:b2098
yfjP	eco:b2632
yebV	eco:b1836
yghF	eco:b2970
pdxB	eco:b2320
cmoA	eco:b1870
nupG	eco:b2964
hydN	eco:b2713
yfgD	eco:b2495
idnO	eco:b4266
fimA	eco:b4314
eaeH	eco:b0297
ybcM	eco:b0546
bfr	eco:b3336
thiD	eco:b2103
fdnI	eco:b1476
ybhP	eco:b0790
gcvP	eco:b2903
flgK	eco:b1082
ansA	eco:b1767
yehY	eco:b2130
araJ	eco:b0396
pawZ	eco:b4643
mprA	eco:b2684
accD	eco:b2316
yheS	eco:b3352
ruvB	eco:b1860
mgsA	eco:b0963
def	eco:b3287
cynX	eco:b0341
mhpC	eco:b0349
pfkA	eco:b3916
speB	eco:b2937
ybiR	eco:b0818
gspO	eco:b3335
ytfB	eco:b4206
araA	eco:b0062
ryfD	eco:b4609
bisC	eco:b3551
dapF	eco:b3809
ispH	eco:b0029
yebS	eco:b1833
gntX	eco:b3413
ompR	eco:b3405
yqgE	eco:b2948
ulaR	eco:b4191
treB	eco:b4240
appY	eco:b0564
pepT	eco:b1127
moeB	eco:b0826
moaA	eco:b0781
rppH	eco:b2830
yncI	eco:b1459
yehH	eco:b4499
paoC	eco:b0284
lpxK	eco:b0915
ybeY	eco:b0659
nadB	eco:b2574
yjdK	eco:b4128
ribF	eco:b0025
ymgA	eco:b1165
yahC	eco:b0317
secD	eco:b0408
yiiX	eco:b3937
hsdS	eco:b4348
sthA	eco:b3962
queA	eco:b0405
msbA	eco:b0914
lgt	eco:b2828
hycG	eco:b2719
yajC	eco:b0407
nagK	eco:b1119
zur	eco:b4046
ysgA	eco:b3830
alkB	eco:b2212
cyaR	eco:b4438
yhhW	eco:b3439
pncB	eco:b0931
mdtL	eco:b3710
gudX	eco:b2788
ygjK	eco:b3080
arcB	eco:b3210
ybcI	eco:b0527
tpx	eco:b1324
wecC	eco:b3787
chaA	eco:b1216
ulaA	eco:b4193
ycgG	eco:b1168
valY	eco:b2403
yiaK	eco:b3575
yqiK	eco:b3051
metF	eco:b3941
leuB	eco:b0073
rlmD	eco:b2785
yhbX	eco:b3173
gadX	eco:b3516
yfgM	eco:b2513
ynbG	eco:b4674
rcsC	eco:b2218
kptA	eco:b4331
tilS	eco:b0188
yjeH	eco:b4141
intZ	eco:b2442
nusA	eco:b3169
ydeM	eco:b1497
ydaY	eco:b1366
wcaI	eco:b2050
mnmA	eco:b1133
yihX	eco:b3885
yedQ	eco:b1956
yjeM	eco:b4156
dicC	eco:b1569
trpD	eco:b1263
menF	eco:b2265
bglF	eco:b3722
yadH	eco:b0128
nikC	eco:b3478
ppc	eco:b3956
dkgB	eco:b0207
mngR	eco:b0730
adhE	eco:b1241
astA	eco:b1747
nanA	eco:b3225
argV	eco:b2694
cadC	eco:b4133
yigE	eco:b4482
insE1	eco:b0298
ileV	eco:b0202
nuoE	eco:b2285
hisH	eco:b2023
tusD	eco:b3345
agp	eco:b1002
sdhE	eco:b2897
yfgH	eco:b2505
ycgM	eco:b1180
acnA	eco:b1276
rpsN	eco:b3307
wzb	eco:b2061
rplU	eco:b3186
gtrA	eco:b2350
yhgN	eco:b3434
mhpB	eco:b0348
glnP	eco:b0810
rhaB	eco:b3904
gpr	eco:b3001
yoaD	eco:b1815
yccA	eco:b0970
mntP	eco:b1821
yfbO	eco:b2274
metC	eco:b3008
stpA	eco:b2669
btuF	eco:b0158
yfaP	eco:b2225
upp	eco:b2498
murC	eco:b0091
ratA	eco:b2619
fliM	eco:b1945
yrhB	eco:b3446
yciN	eco:b1273
yhjY	eco:b3548
rrsG	eco:b2591
metI	eco:b0198
glrR	eco:b2554
ygiS	eco:b3020
thiP	eco:b0067
yhhI	eco:b3484
hcaD	eco:b2542
mfd	eco:b1114
livJ	eco:b3460
yhfK	eco:b3358
ytfT	eco:b4230
waaZ	eco:b3624
frsA	eco:b0239
garR	eco:b3125
ycdZ	eco:b1036
rhaS	eco:b3905
intE	eco:b1140
yccU	eco:b0965
ygiD	eco:b3039
pgm	eco:b0688
ileT	eco:b3852
yihQ	eco:b3878
cysT	eco:b1910
rspR	eco:b1540
yceF	eco:b1087
dnaA	eco:b3702
dmsC	eco:b0896
fklB	eco:b4207
artI	eco:b0863
racC	eco:b1351
glnG	eco:b3868
csdA	eco:b2810
hyuA	eco:b2873
fabA	eco:b0954
argT	eco:b2310
yeaC	eco:b1777
relA	eco:b2784
ypdJ	eco:b4545
yihS	eco:b3880
apt	eco:b0469
nikR	eco:b3481
hyfG	eco:b2487
fryA	eco:b2383
yqjE	eco:b3099
bglB	eco:b3721
efeB	eco:b1019
yjhR	eco:b4308
yjdM	eco:b4108
mreD	eco:b3249
ygjV	eco:b3090
ssuE	eco:b0937
frlC	eco:b4474
yabI	eco:b0065
chrR	eco:b3713
ung	eco:b2580
ccmB	eco:b2200
ygiQ	eco:b4469
psd	eco:b4160
fpr	eco:b3924
rpmE	eco:b3936
ygiW	eco:b3024
nanE	eco:b3223
pdhR	eco:b0113
ydeE	eco:b1534
nagC	eco:b0676
atpH	eco:b3735
putP	eco:b1015
rsd	eco:b3995
tolQ	eco:b0737
lpxL	eco:b1054
yedA	eco:b1959
rseP	eco:b0176
rpmC	eco:b3312
paaA	eco:b1388
potH	eco:b0856
entD	eco:b0583
fliY	eco:b1920
ybhN	eco:b0788
pyrC	eco:b1062
tam	eco:b1519
folA	eco:b0048
yfhM	eco:b2520
tusC	eco:b3344
csiD	eco:b2659
sfmC	eco:b0531
yahB	eco:b0316
nuoI	eco:b2281
yjcB	eco:b4060
ykfF	eco:b0249
micF	eco:b4439
paaX	eco:b1399
pstB	eco:b3725
rsmA	eco:b0051
yhcM	eco:b3232
rfaH	eco:b3842
dnaN	eco:b3701
rhsO	eco:b0703
yhdT	eco:b3257
rrlH	eco:b0204
thiL	eco:b0417
ychO	eco:b1220
yhgF	eco:b3407
yjjJ	eco:b4385
cyoC	eco:b0430
tyrU	eco:b3977
rbsK	eco:b3752
nuoN	eco:b2276
leuZ	eco:b1909
yfiF	eco:b2581
emrB	eco:b2686
ybiX	eco:b0804
mltA	eco:b2813
gshB	eco:b2947
yehE	eco:b2112
waaA	eco:b3633
atpE	eco:b3737
yggI	eco:b2944
yfaD	eco:b2244
yqeJ	eco:b2848
rseB	eco:b2571
ygjQ	eco:b3086
roxA	eco:b1128
cusF	eco:b0573
ybjE	eco:b0874
valZ	eco:b0746
ybgS	eco:b0753
ycjU	eco:b1317
yafP	eco:b0234
yqgB	eco:b2939
yjbT	eco:b4620
ispF	eco:b2746
fbaA	eco:b2925
yiaB	eco:b3563
ybaA	eco:b0456
yhdP	eco:b4472
pmrD	eco:b2259
atoB	eco:b2224
yjiV	eco:b4486
ylcH	eco:b4588
yjfM	eco:b4185
truC	eco:b2791
gabD	eco:b2661
mgtA	eco:b4242
sra	eco:b1480
motB	eco:b1889
ykgO	eco:b4506
glgC	eco:b3430
guaD	eco:b2883
yejA	eco:b2177
glxR	eco:b0509
yfcZ	eco:b2343
rpoB	eco:b3987
agaI	eco:b3141
gnd	eco:b2029
fiu	eco:b0805
ypdK	eco:b4680
dusB	eco:b3260
fliR	eco:b1950
ybgF	eco:b0742
hmp	eco:b2552
gltX	eco:b2400
malX	eco:b1621
caiE	eco:b0035
yejO	eco:b2190
ypdB	eco:b2381
ygbM	eco:b2739
slyA	eco:b1642
tesB	eco:b0452
metR	eco:b3828
purL	eco:b2557
dedA	eco:b2317
yibN	eco:b3611
prs	eco:b1207
bcsA	eco:b3533
ves	eco:b1742
ridA	eco:b4243
tfaX	eco:b0563
rlmM	eco:b2806
yrfF	eco:b3398
narY	eco:b1467
satP	eco:b0010
btuD	eco:b1709
ldtB	eco:b0819
rrlE	eco:b4009
ycgZ	eco:b1164
yfdY	eco:b2377
ypdA	eco:b2380
yjiL	eco:b4334
glyU	eco:b2864
nikB	eco:b3477
yaeP	eco:b4406
yiaF	eco:b3554
mokA	eco:b4647
lysY	eco:b0747
ynfL	eco:b1595
yhdZ	eco:b3271
moaB	eco:b0782
gcl	eco:b0507
rseA	eco:b2572
srlQ	eco:b2708
ybjJ	eco:b0845
yfaQ	eco:b2226
thrA	eco:b0002
metN	eco:b0199
hha	eco:b0460
ybgP	eco:b0717
ispG	eco:b2515
agrA	eco:b4712
glcA	eco:b2975
ygeW	eco:b2870
rpsJ	eco:b3321
mnmH	eco:b0503
leuA	eco:b0074
dacC	eco:b0839
pgaC	eco:b1022
tauB	eco:b0366
yihG	eco:b3862
yihL	eco:b3872
bcr	eco:b2182
rluD	eco:b2594
kefG	eco:b3351
hokB	eco:b4428
yehK	eco:b4541
yrdF	eco:b4697
flgB	eco:b1073
malS	eco:b3571
mukF	eco:b0922
otsA	eco:b1896
micC	eco:b4427
yoaC	eco:b1810
dacB	eco:b3182
cysK	eco:b2414
ygfS	eco:b2886
yjbJ	eco:b4045
nadA	eco:b0750
ycaO	eco:b0905
sdaA	eco:b1814
fdnH	eco:b1475
yhdX	eco:b3269
rrsE	eco:b4007
rplB	eco:b3317
glmS	eco:b3729
ariR	eco:b1166
blc	eco:b4149
gltL	eco:b0652
csrC	eco:b4457
mdtJ	eco:b1600
cbrB	eco:b3716
prpD	eco:b0334
ryjA	eco:b4459
folE	eco:b2153
yhfL	eco:b3369
ybiY	eco:b0824
pyrL	eco:b4246
tisB	eco:b4618
fliI	eco:b1941
phoE	eco:b0241
gspM	eco:b3334
gss	eco:b2988
ynfD	eco:b1586
yjjG	eco:b4374
xylH	eco:b3568
pgaA	eco:b1024
ydaM	eco:b1341
galT	eco:b0758
lolD	eco:b1117
yedD	eco:b1928
recJ	eco:b2892
glnK	eco:b0450
sufS	eco:b1680
mlaB	eco:b3191
yggU	eco:b2953
intQ	eco:b1579
rluF	eco:b4022
mhpD	eco:b0350
carB	eco:b0033
yfjH	eco:b2623
yfbV	eco:b2295
wecF	eco:b4481
qorB	eco:b4211
yceJ	eco:b1057
gudP	eco:b2789
yhbO	eco:b3153
ybhI	eco:b0770
xylA	eco:b3565
yehB	eco:b2109
moeA	eco:b0827
ydaF	eco:b4527
yciE	eco:b1257
mug	eco:b3068
xdhA	eco:b2866
cspA	eco:b3556
lsrC	eco:b1514
gatR	eco:b4498
arnB	eco:b2253
citT	eco:b0612
dacA	eco:b0632
lysT	eco:b0743
nnr	eco:b4167
acrA	eco:b0463
yhaK	eco:b3106
yfeW	eco:b2430
fdx	eco:b2525
yidX	eco:b3696
yedZ	eco:b1972
otsB	eco:b1897
nudL	eco:b1813
rayT	eco:b0228
fdhF	eco:b4079
secE	eco:b3981
nudJ	eco:b1134
yhbV	eco:b3159
mdfA	eco:b0842
nei	eco:b0714
yceB	eco:b1063
yeeA	eco:b2008
hdeB	eco:b3509
cutA	eco:b4137
proM	eco:b3799
pgpB	eco:b1278
hemA	eco:b1210
yggS	eco:b2951
galM	eco:b0756
dadA	eco:b1189
pgrR	eco:b1328
nemR	eco:b1649
araG	eco:b1900
dmlR	eco:b1799
yqhD	eco:b3011
glyS	eco:b3559
ycjW	eco:b1320
fixB	eco:b0042
viaA	eco:b3745
rlmG	eco:b3084
fliN	eco:b1946
ybbW	eco:b0511
oppC	eco:b1245
ggt	eco:b3447
argX	eco:b3796
csgF	eco:b1038
envY	eco:b0566
dhaK	eco:b1200
citB	eco:b0620
glgS	eco:b3049
yciM	eco:b1280
cho	eco:b1741
ynjA	eco:b1753
mocA	eco:b2877
yohO	eco:b4542
cyoD	eco:b0429
yqaA	eco:b2689
ydeN	eco:b1498
yahO	eco:b0329
yhjG	eco:b3524
yneL	eco:b1506
rydB	eco:b4430
hyi	eco:b0508
chiX	eco:b4585
frwA	eco:b3947
yfjW	eco:b2642
rhsH	eco:b0499
tatC	eco:b3839
waaH	eco:b3615
ybaB	eco:b0471
fadR	eco:b1187
ykiA	eco:b0392
htrE	eco:b0139
yghJ	eco:b4466
idnT	eco:b4265
insB1	eco:b0021
ybdN	eco:b0602
glyA	eco:b2551
msrA	eco:b4219
ssnA	eco:b2879
yagK	eco:b0277
rpiB	eco:b4090
yibT	eco:b4554
leuP	eco:b4369
rph	eco:b3643
ydcX	eco:b1445
cusR	eco:b0571
rcsB	eco:b2217
bhsA	eco:b1112
malG	eco:b4032
hofM	eco:b3395
rhaM	eco:b3901
ybiC	eco:b0801
fic	eco:b3361
yjhQ	eco:b4307
clcA	eco:b0155
hycI	eco:b2717
ibsA	eco:b4667
trpC	eco:b1262
yibU	eco:b4652
marA	eco:b1531
elfG	eco:b0941
nanT	eco:b3224
waaQ	eco:b3632
dppA	eco:b3544
ccmH	eco:b2194
ubiX	eco:b2311
yoaI	eco:b1788
yafD	eco:b0209
wbbJ	eco:b2033
modC	eco:b0765
ampG	eco:b0433
ybjD	eco:b0876
rpoC	eco:b3988
ppa	eco:b4226
hcp	eco:b0873
ydcY	eco:b1446
uidA	eco:b1617
mcrC	eco:b4345
gpt	eco:b0238
nepI	eco:b3662
yahL	eco:b0326
thrV	eco:b3273
ypaA	eco:b4543
ybaE	eco:b0445
ydaT	eco:b1358
ymfJ	eco:b1144
pdxH	eco:b1638
yhfG	eco:b3362
ulaD	eco:b4196
aroA	eco:b0908
rhsJ	eco:b3595
yeeJ	eco:b1978
garD	eco:b3128
cheB	eco:b1883
yoeF	eco:b4538
rpsP	eco:b2609
oppB	eco:b1244
uhpA	eco:b3669
mgtL	eco:b4702
tatE	eco:b0627
chaC	eco:b1218
yjjZ	eco:b4567
gloA	eco:b1651
ydaS	eco:b1357
dnaE	eco:b0184
amtB	eco:b0451
tolC	eco:b3035
tmpR	eco:b1368
yjcZ	eco:b4110
rhtB	eco:b3824
kdgK	eco:b3526
kdpC	eco:b0696
cbdB	eco:b0979
yihO	eco:b3876
fusA	eco:b3340
dosP	eco:b1489
yeaM	eco:b1790
kefB	eco:b3350
yqiI	eco:b3048
973.840027	insH_9
lpoA	eco:b3147
grcA	eco:b2579
citC	eco:b0618
xapB	eco:b2406
zraR	eco:b4004
ilvB	eco:b3671
rplO	eco:b3301
ynfK	eco:b1593
yiaA	eco:b3562
ykfM	eco:b4586
ycfL	eco:b1104
truB	eco:b3166
ybjO	eco:b0858
umpG	eco:b2744
eutB	eco:b2441
yabP	eco:b4659
carA	eco:b0032
yhdN	eco:b3293
polA	eco:b3863
ynfN	eco:b1551
purF	eco:b2312
yjgR	eco:b4263
queE	eco:b2777
yafV	eco:b0219
csrA	eco:b2696
yjcC	eco:b4061
sgcA	eco:b4302
ilvE	eco:b3770
rseX	eco:b4603
ygaV	eco:b2667
ydcJ	eco:b1423
syd	eco:b2793
rlmF	eco:b0807
yceA	eco:b1055
yiaV	eco:b3586
yhfS	eco:b3376
queG	eco:b4166
pnp	eco:b3164
ilvC	eco:b3774
yadL	eco:b0137
yfiN	eco:b2604
guaB	eco:b2508
flhA	eco:b1879
bssS	eco:b1060
ybgJ	eco:b0711
mlrA	eco:b2127
rnhA	eco:b0214
phnM	eco:b4095
pdxY	eco:b1636
yfiE	eco:b2577
sixA	eco:b2340
hscB	eco:b2527
yobB	eco:b1843
yghS	eco:b2985
yghA	eco:b3003
ycdX	eco:b1034
tauA	eco:b0365
map	eco:b0168
insC1	eco:b0360
manZ	eco:b1819
ynjD	eco:b1756
dsrB	eco:b1952
pepE	eco:b4021
rpoE	eco:b2573
ptwF	eco:b4629
narV	eco:b1465
ygjJ	eco:b3079
ssuD	eco:b0935
fucP	eco:b2801
arpB	eco:b4494
ycaD	eco:b0898
dnaJ	eco:b0015
yicG	eco:b3646
der	eco:b2511
polB	eco:b0060
hisD	eco:b2020
hisA	eco:b2024
mlaE	eco:b3194
lnt	eco:b0657
ppiD	eco:b0441
mioC	eco:b3742
proQ	eco:b1831
yegD	eco:b2069
feoC	eco:b3410
ybjN	eco:b0853
lepA	eco:b2569
yeeR	eco:b2001
yihU	eco:b3882
chiA	eco:b3338
zapB	eco:b3928
napA	eco:b2206
alsR	eco:b4089
yafW	eco:b0246
yedN	eco:b4495
yfdP	eco:b2359
hns	eco:b1237
yrdA	eco:b3279
yecR	eco:b1904
mtfA	eco:b1976
proS	eco:b0194
proY	eco:b0402
pgaD	eco:b1021
lptE	eco:b0641
ydfR	eco:b1555
gcvA	eco:b2808
gltA	eco:b0720
etp	eco:b0982
fimE	eco:b4313
yfeX	eco:b2431
yghE	eco:b2969
hybF	eco:b2991
ydbL	eco:b1383
hdeD	eco:b3511
ysaD	eco:b4649
ygeK	eco:b2856
pliG	eco:b1178
yeaG	eco:b1783
fhuE	eco:b1102
ybgC	eco:b0736
trxA	eco:b3781
ypjF	eco:b2646
recF	eco:b3700
yedW	eco:b1969
ydjX	eco:b1750
hycD	eco:b2722
cspI	eco:b1552
sufE	eco:b1679
mnmG	eco:b3741
btuB	eco:b3966
hisG	eco:b2019
dut	eco:b3640
rplS	eco:b2606
asnU	eco:b1986
elaB	eco:b2266
yegP	eco:b2080
yegS	eco:b2086
rfbA	eco:b2039
rpsI	eco:b3230
ymgD	eco:b1171
frdA	eco:b4154
ydjN	eco:b1729
tdcD	eco:b3115
rmf	eco:b0953
chbF	eco:b1734
pck	eco:b3403
hypT	eco:b4327
gsk	eco:b0477
priB	eco:b4201
rrfD	eco:b3274
nagA	eco:b0677
yigB	eco:b3812
yegW	eco:b2101
trpR	eco:b4393
yfcD	eco:b2299
yjhD	eco:b4281
smf	eco:b4473
rsgA	eco:b4161
puuB	eco:b1301
dinQ	eco:b4613
eutR	eco:b2437
yoaG	eco:b1796
yidQ	eco:b3688
ybfI	eco:b4636
yqeC	eco:b2876
iraD	eco:b4326
hokD	eco:b1562
guaA	eco:b2507
gspH	eco:b3329
rdgB	eco:b2954
yaiZ	eco:b0380
ybgO	eco:b0716
ydjZ	eco:b1752
yjjQ	eco:b4365
yafO	eco:b0233
leuE	eco:b1798
rfbC	eco:b2038
dnaG	eco:b3066
ynbA	eco:b1408
fliF	eco:b1938
yaiY	eco:b0379
uspD	eco:b3923
yfiH	eco:b2593
yhjK	eco:b3529
mscS	eco:b2924
nuoG	eco:b2283
cysN	eco:b2751
ydiZ	eco:b1724
yigM	eco:b3827
rpmJ	eco:b3299
hybD	eco:b2993
rplM	eco:b3231
nsrR	eco:b4178
atoE	eco:b2223
agrB	eco:b4713
ykfG	eco:b0247
scpC	eco:b2920
phnF	eco:b4102
adiA	eco:b4117
surA	eco:b0053
ymfI	eco:b1143
bdcA	eco:b4249
evgS	eco:b2370
nlpA	eco:b3661
ybcW	eco:b0559
fliD	eco:b1924
yhfU	eco:b3378
murP	eco:b2429
ampE	eco:b0111
yffR	eco:b2449
ispA	eco:b0421
ansB	eco:b2957
yibQ	eco:b3614
modA	eco:b0763
hemD	eco:b3804
mqsA	eco:b3021
rybB	eco:b4417
yaaY	eco:b0024
ispU	eco:b0174
hokA	eco:b4455
ytfR	eco:b4485
galE	eco:b0759
ampD	eco:b0110
ygfT	eco:b2887
ldtE	eco:b1678
ydcF	eco:b1414
yhdJ	eco:b3262
bglX	eco:b2132
gntK	eco:b3437
ybjL	eco:b0847
ymgI	eco:b4593
torC	eco:b0996
motA	eco:b1890
gapA	eco:b1779
rpsQ	eco:b3311
hslO	eco:b3401
ubiA	eco:b4040
tusB	eco:b3343
psuK	eco:b2166
hypB	eco:b2727
rplE	eco:b3308
sgcX	eco:b4305
ydhF	eco:b1647
yeaV	eco:b1801
gltV	eco:b4008
insO	eco:b4623
dacD	eco:b2010
ynjI	eco:b1762
ptsI	eco:b2416
sseB	eco:b2522
mltC	eco:b2963
hpt	eco:b0125
nrfA	eco:b4070
clcB	eco:b1592
gspE	eco:b3326
aroC	eco:b2329
ratB	eco:b2618
dtpD	eco:b0709
ompA	eco:b0957
yjaH	eco:b4001
ybeF	eco:b0629
hisJ	eco:b2309
hyfD	eco:b2484
tyrA	eco:b2600
fryC	eco:b2386
glpB	eco:b2242
basS	eco:b4112
fadD	eco:b1805
maeA	eco:b1479
trmI	eco:b2960
symR	eco:b4625
torS	eco:b0993
serX	eco:b1032
ybhM	eco:b0787
nuoH	eco:b2282
sokB	eco:b4429
gmhB	eco:b0200
ybcN	eco:b0547
yafL	eco:b0227
trkA	eco:b3290
yjdP	eco:b4487
yjcF	eco:b4066
orn	eco:b4162
yigZ	eco:b3848
artM	eco:b0861
pykF	eco:b1676
lon	eco:b0439
ccmA	eco:b2201
livF	eco:b3454
leuO	eco:b0076
uraA	eco:b2497
hldD	eco:b3619
yicI	eco:b3656
narJ	eco:b1226
acpH	eco:b0404
kch	eco:b1250
rsxA	eco:b1627
yejH	eco:b2184
psuG	eco:b2165
fdoI	eco:b3892
trxB	eco:b0888
ymjC	eco:b4525
cheR	eco:b1884
asnC	eco:b3743
truA	eco:b2318
waaG	eco:b3631
hybC	eco:b2994
ybhC	eco:b0772
wzc	eco:b2060
lplT	eco:b2835
ycjV	eco:b4524
wcaH	eco:b2051
yahE	eco:b0319
yacG	eco:b0101
essD	eco:b0554
ykfA	eco:b0253
malZ	eco:b0403
mutS	eco:b2733
yaiX	eco:b4579
inaA	eco:b2237
frr	eco:b0172
yjbS	eco:b4621
wcaM	eco:b2043
ydjJ	eco:b1774
ybaL	eco:b0478
ldtD	eco:b0925
ydcP	eco:b1435
yddG	eco:b1473
arnF	eco:b2258
malT	eco:b3418
yciF	eco:b1258
ydjG	eco:b1771
tatB	eco:b3838
proX	eco:b2679
nudE	eco:b3397
ypfG	eco:b2466
yfjJ	eco:b2626
paaG	eco:b1394
chpS	eco:b4224
paaY	eco:b1400
lolA	eco:b0891
pheM	eco:b1715
waaL	eco:b3622
aphA	eco:b4055
yphG	eco:b2549
lpxP	eco:b2378
minC	eco:b1176
lpp	eco:b1677
gadW	eco:b3515
folP	eco:b3177
gapC	eco:b4493
yjfF	eco:b4231
dmsB	eco:b0895
yeeY	eco:b2015
yicT	eco:b4653
quuQ	eco:b1559
mdtP	eco:b4080
srlM	eco:b2706
waaP	eco:b3630
tonB	eco:b1252
ompF	eco:b0929
yrhC	eco:b4552
tnaC	eco:b3707
pncC	eco:b2700
ygaY	eco:b2681
yodC	eco:b1957
ade	eco:b3665
sufD	eco:b1681
yfiM	eco:b2586
potA	eco:b1126
gatZ	eco:b2095
yqfA	eco:b2899
gcd	eco:b0124
fis	eco:b3261
nhaA	eco:b0019
yohD	eco:b2136
thiE	eco:b3993
aroL	eco:b0388
tatD	eco:b4483
mppA	eco:b1329
lpxD	eco:b0179
frdD	eco:b4151
napF	eco:b2208
cydD	eco:b0887
ppiC	eco:b3775
pdxK	eco:b2418
iscR	eco:b2531
argC	eco:b3958
arcZ	eco:b4450
yjhI	eco:b4299
ppiB	eco:b0525
dsdX	eco:b2365
yliF	eco:b0834
rluB	eco:b1269
crl	eco:b0240
astD	eco:b1746
ydhB	eco:b1659
ymfA	eco:b1122
ydjL	eco:b1776
tsf	eco:b0170
nrdB	eco:b2235
xylR	eco:b3569
galK	eco:b0757
malM	eco:b4037
cbpA	eco:b1000
yfeC	eco:b2398
miaA	eco:b4171
glyW	eco:b1911
malE	eco:b4034
ynhF	eco:b4602
yghR	eco:b2984
hemC	eco:b3805
btuE	eco:b1710
rplQ	eco:b3294
fimF	eco:b4318
yaiL	eco:b0354
slmA	eco:b3641
yfcC	eco:b2298
nudG	eco:b1759
fdnG	eco:b1474
yohC	eco:b2135
sspA	eco:b3229
plsB	eco:b4041
puuE	eco:b1302
clpB	eco:b2592
intD	eco:b0537
yeeH	eco:b4639
wecE	eco:b3791
yaaJ	eco:b0007
yahN	eco:b0328
ybaO	eco:b0447
sdaC	eco:b2796
sodA	eco:b3908
yffS	eco:b2450
yghX	eco:b4658
yciY	eco:b4595
pbpG	eco:b2134
ydiL	eco:b1689
mazF	eco:b2782
fadJ	eco:b2341
ytfK	eco:b4217
yhiI	eco:b3487
ftsW	eco:b0089
rrfB	eco:b3971
wecH	eco:b3561
ygeF	eco:b2850
yfcJ	eco:b2322
kdpF	eco:b4513
nrfB	eco:b4071
yifN	eco:b3777
dcd	eco:b2065
mobB	eco:b3856
ygbI	eco:b2735
hisQ	eco:b2308
sdhC	eco:b0721
nrdD	eco:b4238
hflD	eco:b1132
dedD	eco:b2314
glcD	eco:b2979
era	eco:b2566
feaB	eco:b1385
yfdK	eco:b2354
yfdQ	eco:b2360
cysU	eco:b2424
hybE	eco:b2992
glgA	eco:b3429
rseC	eco:b2570
fepA	eco:b0584
recB	eco:b2820
ylbG	eco:b0502
caiT	eco:b0040
galP	eco:b2943
bluR	eco:b1162
msrB	eco:b1778
acrZ	eco:b0762
idi	eco:b2889
slp	eco:b3506
ygiL	eco:b3043
znuB	eco:b1859
mrcA	eco:b3396
matP	eco:b0956
tdcF	eco:b3113
gsiB	eco:b0830
narH	eco:b1225
yjeJ	eco:b4145
yqiJ	eco:b3050
aroG	eco:b0754
yicH	eco:b3655
agaC	eco:b3139
iap	eco:b2753
ftsK	eco:b0890
ygdH	eco:b2795
yjfY	eco:b4199
ydiS	eco:b1699
ydcV	eco:b1443
dgoR	eco:b4479
rcsD	eco:b2216
nfrB	eco:b0569
glpR	eco:b3423
yhbS	eco:b3156
yciX	eco:b4523
moaE	eco:b0785
yiaG	eco:b3555
yhiS	eco:b3504
ybdO	eco:b0603
fes	eco:b0585
ygcQ	eco:b2769
ydeO	eco:b1499
wcaN	eco:b2042
ssb	eco:b4059
ecpB	eco:b0292
ykfH	eco:b4504
galS	eco:b2151
metQ	eco:b0197
fliA	eco:b1922
ygiF	eco:b3054
yfaH	eco:b2238
metB	eco:b3939
rrsD	eco:b3278
yfbM	eco:b2272
narX	eco:b1222
rplA	eco:b3984
intB	eco:b4271
pppA	eco:b2972
gltW	eco:b2590
zupT	eco:b3040
yhaJ	eco:b3105
hemH	eco:b0475
eamA	eco:b1533
yfdN	eco:b2357
recR	eco:b0472
pgl	eco:b0767
yjhX	eco:b4566
glnE	eco:b3053
copA	eco:b0484
zraS	eco:b4003
ydfE	eco:b1577
cybB	eco:b1418
lptC	eco:b3199
yjiG	eco:b4329
yegX	eco:b2102
rrfA	eco:b3855
fecB	eco:b4290
sgrR	eco:b0069
yadS	eco:b0157
rsmD	eco:b3465
entF	eco:b0586
ygeX	eco:b2871
yhhT	eco:b3474
wcaD	eco:b2056
phnK	eco:b4097
exbB	eco:b3006
frvA	eco:b3900
gspD	eco:b3325
narQ	eco:b2469
rpmD	eco:b3302
ylbF	eco:b0520
lysA	eco:b2838
ybcL	eco:b0545
umuD	eco:b1183
fliL	eco:b1944
fadA	eco:b3845
hscA	eco:b2526
pinQ	eco:b1545
flgN	eco:b1070
glxK	eco:b0514
nagZ	eco:b1107
ydfZ	eco:b1541
yibG	eco:b3596
ybcY	eco:b0562
leuX	eco:b4270
glnB	eco:b2553
trmL	eco:b3606
borD	eco:b0557
hisC	eco:b2021
yaeQ	eco:b0190
sucC	eco:b0728
yqcE	eco:b2775
ybhB	eco:b0773
yciC	eco:b1255
rpoA	eco:b3295
yicN	eco:b3663
yggD	eco:b2929
cydC	eco:b0886
lacI	eco:b0345
yajR	eco:b0427
ileS	eco:b0026
yceO	eco:b1058
rpsT	eco:b0023
menD	eco:b2264
yfjI	eco:b2625
dhaR	eco:b1201
mdtO	eco:b4081
eutN	eco:b2456
yhhQ	eco:b3471
livG	eco:b3455
gspL	eco:b3333
umpH	eco:b0675
ykgL	eco:b0295
tabA	eco:b4252
gyrB	eco:b3699
yjiR	eco:b4340
malF	eco:b4033
oxyR	eco:b3961
sfmF	eco:b0534
recE	eco:b1350
sohB	eco:b1272
yjeO	eco:b4158
yheO	eco:b3346
rpe	eco:b3386
agaA	eco:b3135
nrdH	eco:b2673
yehC	eco:b2110
yqjK	eco:b3100
crp	eco:b3357
gtrB	eco:b2351
mtr	eco:b3161
ygfK	eco:b2878
ptsP	eco:b2829
appA	eco:b0980
trpT	eco:b3761
yjdO	eco:b4559
leuW	eco:b0672
ybfL	eco:b0705
yajD	eco:b0410
yihR	eco:b3879
pabB	eco:b1812
grxD	eco:b1654
ygcR	eco:b2770
crfC	eco:b4109
yraH	eco:b3142
bssR	eco:b0836
fecR	eco:b4292
yfcO	eco:b2332
yhfZ	eco:b3383
sibA	eco:b4436
ubiC	eco:b4039
sapA	eco:b1294
yrdD	eco:b3283
malI	eco:b1620
hypC	eco:b2728
ygeH	eco:b2852
wrbA	eco:b1004
yghD	eco:b2968
mltB	eco:b2701
grxB	eco:b1064
fliQ	eco:b1949
sokE	eco:b4700
ompX	eco:b0814
ynfB	eco:b1583
hslR	eco:b3400
fetB	eco:b0491
abgR	eco:b1339
parC	eco:b3019
lexA	eco:b4043
csrD	eco:b3252
yjhF	eco:b4296
sbmC	eco:b2009
hcaT	eco:b2536
yggP	eco:b4465
yrfG	eco:b3399
ybeM	eco:b4581
rsmH	eco:b0082
aldA	eco:b1415
wcaA	eco:b2059
galR	eco:b2837
ypdC	eco:b2382
greB	eco:b3406
gspG	eco:b3328
ascF	eco:b2715
galU	eco:b1236
fecE	eco:b4287
ybcK	eco:b0544
yoaB	eco:b1809
thiK	eco:b1106
yecC	eco:b1917
yejF	eco:b2180
ylbI	eco:b4632
ydbA	eco:b4492
lysU	eco:b4129
glpG	eco:b3424
yqeA	eco:b2874
pflC	eco:b3952
ybaP	eco:b0482
cheY	eco:b1882
pepB	eco:b2523
rsmC	eco:b4371
ygbT	eco:b2755
ychJ	eco:b1233
trpE	eco:b1264
yhgE	eco:b3402
ybhQ	eco:b0791
yafE	eco:b0210
yeaJ	eco:b1786
ygeI	eco:b2853
ubiJ	eco:b3834
tdcE	eco:b3114
rrlB	eco:b3970
ftnA	eco:b1905
amyA	eco:b1927
bioD	eco:b0778
paaH	eco:b1395
pyrE	eco:b3642
yeeW	eco:b2006
rutC	eco:b1010
yjfZ	eco:b4204
ynfE	eco:b1587
artJ	eco:b0860
yiiD	eco:b3888
emrA	eco:b2685
dld	eco:b2133
rbfA	eco:b3167
ybeU	eco:b0648
yjjA	eco:b4360
paaZ	eco:b1387
aroH	eco:b1704
hslJ	eco:b1379
tmcA	eco:b2474
citX	eco:b0614
oweS	eco:b2358
lptA	eco:b3200
uxaA	eco:b3091
mdaB	eco:b3028
phoU	eco:b3724
folC	eco:b2315
deoD	eco:b4384
glyX	eco:b4164
argZ	eco:b2692
yeaX	eco:b1803
yadM	eco:b0138
rhaT	eco:b3907
yjhU	eco:b4295
insG	eco:b4278
puuP	eco:b1296
yfjZ	eco:b2645
yfaT	eco:b2229
ydcZ	eco:b1447
frmR	eco:b0357
mzrA	eco:b3096
ivbL	eco:b3672
mrdA	eco:b0635
ybaN	eco:b0468
prfA	eco:b1211
yafZ	eco:b0252
casB	eco:b2759
glgB	eco:b3432
sibD	eco:b4447
ytjA	eco:b4568
rrfC	eco:b3759
yfiB	eco:b2605
yahD	eco:b0318
rpsB	eco:b0169
yfjM	eco:b2629
mdtG	eco:b1053
hypF	eco:b2712
ycjY	eco:b1327
nrfF	eco:b4075
arrS	eco:b4704
yzgL	eco:b3427
rng	eco:b3247
yehI	eco:b2118
cobS	eco:b1992
infA	eco:b0884
eutS	eco:b2462
ybbN	eco:b0492
glnL	eco:b3869
selB	eco:b3590
talA	eco:b2464
rlmB	eco:b4180
bioH	eco:b3412
ycbV	eco:b0943
smpB	eco:b2620
dmsA	eco:b0894
ccmF	eco:b2196
nagE	eco:b0679
yhhM	eco:b3467
fucU	eco:b2804
cedA	eco:b1731
yeaH	eco:b1784
yebB	eco:b1862
pth	eco:b1204
frdB	eco:b4153
ycbU	eco:b0942
yidB	eco:b3698
uup	eco:b0949
putA	eco:b1014
rpsC	eco:b3314
mtn	eco:b0159
yjjN	eco:b4358
dusA	eco:b4049
amn	eco:b1982
arnC	eco:b2254
frdC	eco:b4152
frmB	eco:b0355
cspC	eco:b1823
iroK	eco:b4706
lpd	eco:b0116
csgA	eco:b1042
artP	eco:b0864
clpP	eco:b0437
hyaF	eco:b0977
yehM	eco:b2120
rlmA	eco:b1822
efeO	eco:b1018
yibH	eco:b3597
minE	eco:b1174
hycE	eco:b2721
ytfH	eco:b4212
potB	eco:b1125
ulaF	eco:b4198
gspJ	eco:b3331
metV	eco:b2816
hsrA	eco:b3754
ydjH	eco:b1772
acpP	eco:b1094
nikA	eco:b3476
xylG	eco:b3567
nirD	eco:b3366
yibB	eco:b3618
ppdB	eco:b2825
gfcB	eco:b0986
dinG	eco:b0799
rpsE	eco:b3303
yebO	eco:b1825
yidL	eco:b3680
ycaN	eco:b0900
fecD	eco:b4288
tfaR	eco:b1373
bamE	eco:b2617
yagL	eco:b0278
yheT	eco:b3353
ydcI	eco:b1422
ykgP	eco:b4630
yidF	eco:b3674
mdtC	eco:b2076
dinF	eco:b4044
insZ	eco:b4573
sbmA	eco:b0377
dcrB	eco:b3472
nemA	eco:b1650
hdfR	eco:b4480
yhjH	eco:b3525
ydjE	eco:b1769
cobB	eco:b1120
sbcC	eco:b0397
seqA	eco:b0687
fepD	eco:b0590
astB	eco:b1745
ygcN	eco:b2766
micA	eco:b4442
fadK	eco:b1701
ymfD	eco:b1137
zapA	eco:b2910
yjbE	eco:b4026
tsx	eco:b0411
yrbG	eco:b3196
diaA	eco:b3149
glnH	eco:b0811
kduI	eco:b2843
radA	eco:b4389
ychA	eco:b1214
ydiK	eco:b1688
cra	eco:b0080
exuT	eco:b3093
arsC	eco:b3503
yggC	eco:b2928
ppdA	eco:b2826
htpG	eco:b0473
yhiL	eco:b4660
glpA	eco:b2241
rplD	eco:b3319
fucI	eco:b2802
pauD	eco:b4635
yjgA	eco:b4234
uidC	eco:b1615
cysP	eco:b2425
puuC	eco:b1300
yjiJ	eco:b4332
ybaK	eco:b0481
yphB	eco:b2544
abgA	eco:b1338
ydhX	eco:b1671
murG	eco:b0090
yegI	eco:b2070
fre	eco:b3844
yniB	eco:b1726
tauD	eco:b0368
dcuB	eco:b4123
sdiA	eco:b1916
dcuC	eco:b0621
ygiN	eco:b3029
fepC	eco:b0588
pinE	eco:b1158
mdtF	eco:b3514
yqcA	eco:b2790
yegL	eco:b2073
macA	eco:b0878
yfcE	eco:b2300
ibaG	eco:b3190
yhjC	eco:b3521
kdgR	eco:b1827
ldtC	eco:b1113
hupA	eco:b4000
murE	eco:b0085
kbaZ	eco:b3132
ybdR	eco:b0608
grxA	eco:b0849
bcsF	eco:b3537
lpxM	eco:b1855
brnQ	eco:b0401
yfjY	eco:b2644
uspB	eco:b3494
aceK	eco:b4016
fucR	eco:b2805
yghO	eco:b2981
ycbZ	eco:b0955
ackA	eco:b2296
folM	eco:b1606
murR	eco:b2427
kefF	eco:b0046
yhhZ	eco:b3442
rrfG	eco:b2588
sucA	eco:b0726
yfcL	eco:b2325
lpxA	eco:b0181
mrdB	eco:b0634
nhaR	eco:b0020
yjbB	eco:b4020
marC	eco:b1529
ghrB	eco:b3553
yciQ	eco:b1268
menA	eco:b3930
ydhZ	eco:b1675
topB	eco:b1763
ydcR	eco:b1439
yjtD	eco:b4403
yddM	eco:b1477
cadB	eco:b4132
ycbF	eco:b0944
yoeG	eco:b4640
nirC	eco:b3367
trmA	eco:b3965
dapD	eco:b0166
pldB	eco:b3825
fliK	eco:b1943
yfdX	eco:b2375
ygeG	eco:b2851
rmuC	eco:b3832
ybhR	eco:b0792
insN	eco:b4587
gltK	eco:b0653
yhcH	eco:b3221
ddpF	eco:b1483
rbsR	eco:b3753
yebC	eco:b1864
yncL	eco:b4598
kdsD	eco:b3197
ilvH	eco:b0078
lrp	eco:b0889
nudK	eco:b2467
ddpB	eco:b1486
norW	eco:b2711
rsmE	eco:b2946
proV	eco:b2677
tsr	eco:b4355
slt	eco:b4392
hcaE	eco:b2538
yfeA	eco:b2395
rplC	eco:b3320
ygdI	eco:b2809
ada	eco:b2213
yccX	eco:b0968
yigI	eco:b3820
melR	eco:b4118
rsxB	eco:b1628
ykfB	eco:b0250
lfhA	eco:b0229
yegV	eco:b2100
qseB	eco:b3025
ydcD	eco:b1457
yifE	eco:b3764
yfgF	eco:b2503
lepB	eco:b2568
rimK	eco:b0852
yciK	eco:b1271
rluC	eco:b1086
yjhH	eco:b4298
cynS	eco:b0340
shiA	eco:b1981
rpiA	eco:b2914
sfsA	eco:b0146
ptsN	eco:b3204
entC	eco:b0593
rpsO	eco:b3165
purK	eco:b0522
fixX	eco:b0044
lysW	eco:b0745
yjbR	eco:b4057
cbl	eco:b1987
rihB	eco:b2162
valU	eco:b2401
yfbT	eco:b2293
yddB	eco:b1495
ryfA	eco:b4440
rluA	eco:b0058
yieP	eco:b3755
yqcG	eco:b4682
ybgK	eco:b0712
fliJ	eco:b1942
ydiB	eco:b1692
yqjH	eco:b3070
trmH	eco:b3651
iscS	eco:b2530
cdd	eco:b2143
kdpA	eco:b0698
argG	eco:b3172
yohK	eco:b2142
yfiR	eco:b2603
mdtK	eco:b1663
marB	eco:b1532
yagB	eco:b0266
yhbP	eco:b3154
eutC	eco:b2440
hyfH	eco:b2488
yciT	eco:b1284
wecA	eco:b3784
degP	eco:b0161
yqhC	eco:b3010
tdcB	eco:b3117
cysA	eco:b2422
narG	eco:b1224
fecC	eco:b4289
yiaU	eco:b3585
mutL	eco:b4170
dhaL	eco:b1199
acrB	eco:b0462
csrB	eco:b4408
exoX	eco:b1844
yfgO	eco:b2493
ynaK	eco:b1365
rpsR	eco:b4202
coaE	eco:b0103
opgB	eco:b4359
nusB	eco:b0416
glyV	eco:b4163
rlmI	eco:b0967
mdtE	eco:b3513
glpF	eco:b3927
hldE	eco:b3052
cbtA	eco:b2005
rclB	eco:b0303
arnE	eco:b4544
wcaK	eco:b2045
malY	eco:b1622
yfjL	eco:b2628
yidJ	eco:b3678
arsR	eco:b3501
sibE	eco:b4611
fimD	eco:b4317
creB	eco:b4398
ybfC	eco:b0704
ynaE	eco:b1375
sseA	eco:b2521
ygbE	eco:b2749
ypdE	eco:b2384
bcsC	eco:b3530
allC	eco:b0516
ubiB	eco:b3835
eda	eco:b1850
flxA	eco:b1566
slyD	eco:b3349
tap	eco:b1885
wecG	eco:b3794
agaW	eco:b3134
ydeI	eco:b1536
ibsC	eco:b4665
rnpB	eco:b3123
yifB	eco:b3765
ybjH	eco:b0843
yfjK	eco:b2627
mscK	eco:b0465
mdtB	eco:b2075
sapF	eco:b1290
yaiT	eco:b4580
rpoH	eco:b3461
yoeH	eco:b4641
luxS	eco:b2687
serC	eco:b0907
fnrS	eco:b4699
yjiS	eco:b4341
pspB	eco:b1305
hyaB	eco:b0973
asnS	eco:b0930
sdhD	eco:b0722
yjbD	eco:b4023
ymgF	eco:b4520
	
